response_id,gender,birth_year,birth_place_raw,birth_place_english,border_region,capital_region,education_nk_raw,education_nk_english,father_party_member_raw,mother_party_member_raw,party_member_raw,year_defection,year_arrived_sk,reason_defection_raw,residence_sk_raw,education_sk_raw,unemployed_raw,retired_raw,political_orientation_raw,party_preference_raw,marital_status_raw,religion_raw,national_identity_strength,direct_sk_pride,direct_nk_pride,list_sk_pride_count,list_nk_pride_count,list_sk_pride_treatment_arm,list_nk_pride_treatment_arm
R_1gwqvxL1qPUat3Z,여,1976,함경북도,North Hamgyong Province,1,0,고등중학교 고등반(4-6년) 졸업,Upper secondary (4-6 years),예,아니오,아니오,2018,2018,식량이 부족해서,경기도,대학교,아니오,아니오,중도적,국민의힘,기혼,불교,,별로 자랑스럽지 않다,어느 정도 자랑스럽다,2,3,Q70|Q72,Q73|Q75
R_2RWgMKManvDMfVU,남,1982,함경북도,North Hamgyong Province,1,0,대학교 (3-4년) 졸업,University (3-4 years),아니오,아니오,예,2016,2016,신변의 위협을 느껴서,서울,전문대학(기술 학교 포함),예,,잘 모르겠다,잘 모르겠다,기혼,무교,10,매우 자랑스럽다,별로 자랑스럽지 않다,2,2,Q70|Q72,Q74|Q75
R_2ZNZU7wS5aLErou,여,1980,함경북도,North Hamgyong Province,1,0,고등중학교 고등반(4-6년) 졸업,Upper secondary (4-6 years),예,아니오,아니오,2011,2015,북조선 체제의 감시통제가 싫어서 (자유를 찾아서),서울,전문대학(기술 학교 포함),아니오,아니오,중도적,국민의힘,이혼,기독교,8,매우 자랑스럽다,별로 자랑스럽지 않다,3,4,Q70|Q72,Q73|Q75
R_eLM5VZoY6MSN20x,여,1984,량강도,Ryanggang Province,1,0,고등중학교 고등반(4-6년) 졸업,Upper secondary (4-6 years),예,아니오,아니오,2019,2019,북조선 체제의 감시통제가 싫어서 (자유를 찾아서),서울,고등학교,예,,잘 모르겠다,국민의힘,이혼,무교,10,매우 자랑스럽다,전혀 자랑스럽지 않다,1,4,Q71|Q72,Q73|Q75
R_ZDHtUqQQ9fdCJbz,남,1954,평양,Pyongyang,0,1,대학교 (3-4년) 졸업,University (3-4 years),예,예,예,2003,2003,신변의 위협을 느껴서,서울,대학교,아니오,아니오,매우 보수적,국민의힘,홀아비,천주교,10,매우 자랑스럽다,별로 자랑스럽지 않다,0,1,Q71|Q72,Q73|Q75
R_3ExPTD2vtAVkVHg,여,1962,평안북도,North Pyongan Province,1,0,대학교 (3-4년) 졸업,University (3-4 years),예,아니오,아니오,2010,2011,가족 (자녀 등)에게 더 나은 생활환경을 주려고,인천,학교를 다시 다니지 않았다,아니오,아니오,다소 보수적,국민의힘,기혼,기독교,10,매우 자랑스럽다,전혀 자랑스럽지 않다,0,3,Q71|Q72,Q73|Q75
R_30iWxp5OWXB7f01,남,1967,함경북도,North Hamgyong Province,1,0,고등중학교 고등반(4-6년) 졸업,Upper secondary (4-6 years),예,아니오,아니오,2018,2018,돈을 더 많이 벌고 싶어서,경기도,중학교,아니오,아니오,중도적,국민의힘,기혼,무교,,별로 자랑스럽지 않다,어느 정도 자랑스럽다,2,3,Q71|Q72,Q73|Q75
R_2ydN0PtzpR62Ub8,여,1969,강원도,Gangwon Province,0,0,대학교 (3-4년) 졸업,University (3-4 years),예,예,아니오,2014,2016,북조선 체제의 감시통제가 싫어서 (자유를 찾아서),서울,대학교,아니오,예,매우 보수적,국민의힘,이혼,무교,10,매우 자랑스럽다,별로 자랑스럽지 않다,1,2,Q71|Q72,Q73|Q75
R_31AtGstBVT1JtPM,여,1980,자강도,Jagang Province,1,0,고등중학교 고등반(4-6년) 졸업,Upper secondary (4-6 years),예,아니오,아니오,1997,2010,북조선 체제의 감시통제가 싫어서 (자유를 찾아서),강원도,대학교,예,,잘 모르겠다,국민의힘,미혼,무교,10,매우 자랑스럽다,전혀 자랑스럽지 않다,1,2,Q70|Q72,Q73|Q75
R_ehtVOJCO8anBOzT,여,1967,함경북도,North Hamgyong Province,1,0,고등중학교 중등반(1-3년) 졸업,Lower secondary (1-3 years),예,아니오,아니오,1997,2003,식량이 부족해서,인천,학교를 다시 다니지 않았다,예,,잘 모르겠다,잘 모르겠다,기혼,무교,9,매우 자랑스럽다,별로 자랑스럽지 않다,2,2,Q70|Q72,Q74|Q75
R_1Q5towGO9VljzbJ,여,1976,함경북도,North Hamgyong Province,1,0,고등중학교 고등반(4-6년) 졸업,Upper secondary (4-6 years),예,아니오,아니오,2015,2015,기타,경북,학교를 다시 다니지 않았다,아니오,아니오,다소 진보적,더불어민주당,기혼,무교,,매우 자랑스럽다,별로 자랑스럽지 않다,1,2,Q70|Q72,Q73|Q75
R_2zUakdTEGtThvDq,여,1974,함경남도,South Hamgyong Province,0,0,대학교 (3-4년) 졸업,University (3-4 years),아니오,아니오,아니오,2007,2007,북조선 체제의 감시통제가 싫어서 (자유를 찾아서),부산,학교를 다시 다니지 않았다,아니오,아니오,매우 진보적,국민의힘,기혼,무교,10,매우 자랑스럽다,전혀 자랑스럽지 않다,0,1,Q70|Q72,Q73|Q75
R_Qmr7Gr3QlnGJuXD,여,1992,량강도,Ryanggang Province,1,0,고등중학교 고등반(4-6년) 졸업,Upper secondary (4-6 years),아니오,아니오,아니오,2016,2017,식량이 부족해서,서울,기타(예:서당),예,,다소 진보적,국민의힘,기혼,기독교,7,어느 정도 자랑스럽다,매우 자랑스럽다,3,2,Q71|Q72,Q74|Q75
R_4Gimo1uv29tdOLf,여,1967,함경북도,North Hamgyong Province,1,0,고등중학교 고등반(4-6년) 졸업,Upper secondary (4-6 years),예,아니오,아니오,1999,2013,식량이 부족해서,대전,학교를 다시 다니지 않았다,예,,잘 모르겠다,국민의힘,이혼,무교,10,매우 자랑스럽다,별로 자랑스럽지 않다,2,3,Q71|Q72,Q74|Q75
R_3Eg2LTbM31v5shJ,여,2002,함경북도,North Hamgyong Province,1,0,고등중학교 고등반(4-6년) 졸업,Upper secondary (4-6 years),예,아니오,아니오,2018,2018,식량이 부족해서,경기도,고등학교,아니오,아니오,매우 보수적,국민의힘,미혼,불교,,매우 자랑스럽다,별로 자랑스럽지 않다,2,2,Q70|Q72,Q74|Q75
R_2wTsbMjccaoPYDN,남,1969,량강도,Ryanggang Province,1,0,"전문대학교 (2년) 졸업, 기술고급중학교","2-year technical college, vocational high school",예,예,예,2013,2013,가족 (자녀 등)에게 더 나은 생활환경을 주려고,서울,학교를 다시 다니지 않았다,아니오,아니오,다소 보수적,국민의힘,기혼,무교,10,어느 정도 자랑스럽다,별로 자랑스럽지 않다,1,2,Q70|Q72,Q73|Q75
R_2PbyuC88BY4xf3I,여,1959,평양,Pyongyang,0,1,대학교 (3-4년) 졸업,University (3-4 years),아니오,아니오,아니오,2001,2007,식량이 부족해서,경기도,학교를 다시 다니지 않았다,예,,다소 보수적,국민의힘,기혼,천주교,10,매우 자랑스럽다,별로 자랑스럽지 않다,4,2,Q71|Q72,Q73|Q75
R_2vfizazUFNCKCo5,여,1976,량강도,Ryanggang Province,1,0,"전문대학교 (2년) 졸업, 기술고급중학교","2-year technical college, vocational high school",아니오,아니오,아니오,2013,2013,가족 (자녀 등)에게 더 나은 생활환경을 주려고,서울,학교를 다시 다니지 않았다,아니오,아니오,다소 보수적,국민의힘,기혼,무교,10,매우 자랑스럽다,별로 자랑스럽지 않다,3,0,Q70|Q72,Q74|Q75
R_2BlIN4V3C8NNKcQ,여,1958,함경북도,North Hamgyong Province,1,0,고등중학교 고등반(4-6년) 졸업,Upper secondary (4-6 years),예,아니오,아니오,2010,2010,북조선 체제의 감시통제가 싫어서 (자유를 찾아서),인천,학교를 다시 다니지 않았다,예,,매우 보수적,국민의힘,기혼,기독교,9,어느 정도 자랑스럽다,별로 자랑스럽지 않다,3,3,Q70|Q72,Q74|Q75
R_pueIp0Q6w4gSB4B,여,1959,함경북도,North Hamgyong Province,1,0,고등중학교 고등반(4-6년) 졸업,Upper secondary (4-6 years),아니오,아니오,아니오,2006,2007,북조선 체제의 감시통제가 싫어서 (자유를 찾아서),서울,학교를 다시 다니지 않았다,아니오,예,매우 보수적,국민의힘,기혼,기독교,9,어느 정도 자랑스럽다,전혀 자랑스럽지 않다,2,2,Q71|Q72,Q73|Q75
R_3Rezc3DN84BTFIl,여,1972,함경북도,North Hamgyong Province,1,0,고등중학교 고등반(4-6년) 졸업,Upper secondary (4-6 years),예,아니오,아니오,1998,2012,식량이 부족해서,충북,대학교,아니오,예,매우 진보적,더불어민주당,동거,무교,8,매우 자랑스럽다,별로 자랑스럽지 않다,1,1,Q70|Q72,Q74|Q75
R_31F2gM94crfuPpR,여,1965,황해북도,North Hwanghae Province,0,0,대학교 (3-4년) 졸업,University (3-4 years),아니오,아니오,예,2015,2016,북조선에 함께 있던 가족을 따라서,서울,대학원 이상,예,,중도적,국민의힘,기혼,무교,10,매우 자랑스럽다,별로 자랑스럽지 않다,2,1,Q71|Q72,Q74|Q75
R_2YlxIqTEym4pk3a,여,1953,함경북도,North Hamgyong Province,1,0,"전문대학교 (2년) 졸업, 기술고급중학교","2-year technical college, vocational high school",예,아니오,아니오,2000,2012,식량이 부족해서,서울,학교를 다시 다니지 않았다,예,,매우 보수적,국민의힘,이혼,기독교,9,매우 자랑스럽다,전혀 자랑스럽지 않다,4,2,Q71|Q72,Q74|Q75
R_32McF0zMGwROE20,여,1974,함경북도,North Hamgyong Province,1,0,고등중학교 고등반(4-6년) 졸업,Upper secondary (4-6 years),예,아니오,아니오,1999,2008,식량이 부족해서,충남,대학교,아니오,아니오,잘 모르겠다,국민의힘,이혼,기독교,5,전혀 자랑스럽지 않다,어느 정도 자랑스럽다,4,2,Q71|Q72,Q73|Q75
R_1OQ5zxiEebtPwlA,남,1985,량강도,Ryanggang Province,1,0,고등중학교 고등반(4-6년) 졸업,Upper secondary (4-6 years),예,아니오,예,2012,2013,먼저 탈북한 가족을 찾거나 함께 살기 위해,서울,학교를 다시 다니지 않았다,아니오,아니오,잘 모르겠다,더불어민주당,기혼,무교,10,매우 자랑스럽다,어느 정도 자랑스럽다,2,1,Q71|Q72,Q74|Q75
R_22Ff6hura23v8y0,여,1961,함경북도,North Hamgyong Province,1,0,대학교 (3-4년) 졸업,University (3-4 years),예,예,아니오,2007,2011,식량이 부족해서,경기도,학교를 다시 다니지 않았다,예,,다소 보수적,국민의힘,이혼,기독교,8,매우 자랑스럽다,전혀 자랑스럽지 않다,2,1,Q70|Q72,Q74|Q75
R_38gheZlJ9EfJZpT,여,1967,량강도,Ryanggang Province,1,0,대학교 (3-4년) 졸업,University (3-4 years),예,아니오,아니오,2011,2011,북조선 체제의 감시통제가 싫어서 (자유를 찾아서),서울,대학교,아니오,아니오,다소 진보적,국민의힘,과부,무교,10,매우 자랑스럽다,매우 자랑스럽다,1,2,Q70|Q72,Q73|Q75
R_217cLYA6QWQfbEh,여,1970,평안남도,South Pyongan Province,0,0,고등중학교 고등반(4-6년) 졸업,Upper secondary (4-6 years),예,예,아니오,1998,2007,북조선 체제의 감시통제가 싫어서 (자유를 찾아서),경기도,학교를 다시 다니지 않았다,아니오,예,중도적,더불어민주당,동거,기독교,10,어느 정도 자랑스럽다,별로 자랑스럽지 않다,2,2,Q70|Q72,Q74|Q75
R_3HogcZLFuAqNQuk,여,1975,함경북도,North Hamgyong Province,1,0,고등중학교 중등반(1-3년) 졸업,Lower secondary (1-3 years),예,아니오,아니오,2001,2009,식량이 부족해서,충남,대학교,아니오,예,매우 진보적,국민의힘,기혼,기독교,5,어느 정도 자랑스럽다,어느 정도 자랑스럽다,4,2,Q71|Q72,Q74|Q75
R_1M0W7paxHX22y51,여,1965,함경북도,North Hamgyong Province,1,0,고등중학교 고등반(4-6년) 졸업,Upper secondary (4-6 years),예,아니오,아니오,2003,2004,식량이 부족해서,서울,전문대학(기술 학교 포함),예,,다소 보수적,국민의힘,과부,기타,10,매우 자랑스럽다,전혀 자랑스럽지 않다,0,1,Q70|Q72,Q73|Q75
R_21cD7Tz6dhr3cJ2,여,1970,함경북도,North Hamgyong Province,1,0,고등중학교 고등반(4-6년) 졸업,Upper secondary (4-6 years),예,아니오,아니오,2008,2009,먼저 탈북한 가족을 찾거나 함께 살기 위해,서울,전문대학(기술 학교 포함),아니오,아니오,중도적,국민의힘,기혼,기독교,10,매우 자랑스럽다,별로 자랑스럽지 않다,1,2,Q71|Q72,Q73|Q75
R_3kOlSdBROaJ6gge,여,1973,평양,Pyongyang,0,1,"전문대학교 (2년) 졸업, 기술고급중학교","2-year technical college, vocational high school",예,예,아니오,2008,2011,돈을 더 많이 벌고 싶어서,인천,학교를 다시 다니지 않았다,아니오,아니오,중도적,잘 모르겠다,이혼,무교,8,매우 자랑스럽다,전혀 자랑스럽지 않다,3,2,Q70|Q72,Q74|Q75
R_b2bigoRJgdGifOV,여,1968,함경북도,North Hamgyong Province,1,0,대학교 (3-4년) 졸업,University (3-4 years),예,아니오,아니오,2011,2011,먼저 탈북한 사람(가족 제외)이 권유해서,서울,대학교,예,,잘 모르겠다,잘 모르겠다,기혼,기독교,9,어느 정도 자랑스럽다,별로 자랑스럽지 않다,0,0,Q71|Q72,Q73|Q75
R_1MYYPpT48RSDRwn,여,1972,평안남도,South Pyongan Province,0,0,고등중학교 고등반(4-6년) 졸업,Upper secondary (4-6 years),예,아니오,아니오,2009,2009,북조선 체제의 감시통제가 싫어서 (자유를 찾아서),서울,학교를 다시 다니지 않았다,아니오,아니오,중도적,잘 모르겠다,이혼,무교,9,매우 자랑스럽다,별로 자랑스럽지 않다,1,3,Q71|Q72,Q73|Q75
R_2fkqKQ2lHwR509G,여,1959,함경북도,North Hamgyong Province,1,0,"전문대학교 (2년) 졸업, 기술고급중학교","2-year technical college, vocational high school",아니오,아니오,아니오,2012,2015,주변 사람(가족 제외)의 권유로,경기도,학교를 다시 다니지 않았다,예,,다소 진보적,국민의힘,기혼,기독교,,매우 자랑스럽다,전혀 자랑스럽지 않다,1,1,Q70|Q72,Q74|Q75
R_2e5wC65EfHh1Zmw,여,1971,량강도,Ryanggang Province,1,0,고등중학교 고등반(4-6년) 졸업,Upper secondary (4-6 years),예,예,아니오,2019,2019,먼저 탈북한 가족을 찾거나 함께 살기 위해,경기도,중학교,예,,중도적,국민의힘,과부,무교,,어느 정도 자랑스럽다,매우 자랑스럽다,2,2,Q71|Q72,Q74|Q75
R_2CyvAR180wysbrR,여,1965,황해북도,North Hwanghae Province,0,0,"전문대학교 (2년) 졸업, 기술고급중학교","2-year technical college, vocational high school",아니오,아니오,아니오,2015,2015,북조선에 함께 있던 가족을 따라서,서울,대학원 이상,예,,중도적,잘 모르겠다,기혼,무교,10,매우 자랑스럽다,별로 자랑스럽지 않다,1,1,Q70|Q72,Q74|Q75
R_1HcTcJiGEbfRxAU,남,1966,량강도,Ryanggang Province,1,0,고등중학교 고등반(4-6년) 졸업,Upper secondary (4-6 years),예,예,아니오,2019,2019,먼저 탈북한 가족을 찾거나 함께 살기 위해,서울,학교를 다시 다니지 않았다,아니오,아니오,다소 보수적,국민의힘,이혼,무교,9,어느 정도 자랑스럽다,별로 자랑스럽지 않다,2,2,Q71|Q72,Q74|Q75
R_3MmNqG68vy44YfG,여,1985,량강도,Ryanggang Province,1,0,"전문대학교 (2년) 졸업, 기술고급중학교","2-year technical college, vocational high school",아니오,아니오,아니오,2018,2018,가족 (자녀 등)에게 더 나은 생활환경을 주려고,서울,대학교,아니오,아니오,다소 보수적,국민의힘,기혼,무교,10,매우 자랑스럽다,전혀 자랑스럽지 않다,1,3,Q71|Q72,Q73|Q75
R_OD6sPTmFSMfsNvH,여,1971,함경남도,South Hamgyong Province,0,0,고등중학교 고등반(4-6년) 졸업,Upper secondary (4-6 years),예,아니오,아니오,2003,2003,북조선 체제의 감시통제가 싫어서 (자유를 찾아서),서울,학교를 다시 다니지 않았다,예,,다소 보수적,국민의힘,이혼,기독교,8,어느 정도 자랑스럽다,별로 자랑스럽지 않다,2,2,Q71|Q72,Q73|Q75
R_3OkvMpzLgGhdVdg,여,1969,함경북도,North Hamgyong Province,1,0,"전문대학교 (2년) 졸업, 기술고급중학교","2-year technical college, vocational high school",아니오,아니오,아니오,1998,2004,돈을 더 많이 벌고 싶어서,대전,대학원 이상,아니오,아니오,다소 보수적,국민의힘,기혼,무교,10,어느 정도 자랑스럽다,별로 자랑스럽지 않다,1,1,Q70|Q72,Q74|Q75
R_10Z9cErq1XwzZiY,여,1959,함경북도,North Hamgyong Province,1,0,"전문대학교 (2년) 졸업, 기술고급중학교","2-year technical college, vocational high school",아니오,아니오,아니오,2015,2015,신변의 위협을 느껴서,서울,기타(예:서당),예,,중도적,국민의힘,과부,기독교,10,매우 자랑스럽다,별로 자랑스럽지 않다,1,2,Q70|Q72,Q73|Q75
R_1Qau1QROdn2aoB0,여,1980,함경북도,North Hamgyong Province,1,0,고등중학교 고등반(4-6년) 졸업,Upper secondary (4-6 years),아니오,아니오,아니오,2006,2008,신변의 위협을 느껴서,서울,학교를 다시 다니지 않았다,예,,잘 모르겠다,잘 모르겠다,기혼,기독교,10,매우 자랑스럽다,전혀 자랑스럽지 않다,4,3,Q71|Q72,Q73|Q75
R_2TY4g3tjLVK0tI7,여,1957,함경북도,North Hamgyong Province,1,0,"전문대학교 (2년) 졸업, 기술고급중학교","2-year technical college, vocational high school",아니오,아니오,아니오,2011,2011,북조선에 함께 있던 가족을 따라서,인천,학교를 다시 다니지 않았다,예,,다소 보수적,잘 모르겠다,과부,무교,10,매우 자랑스럽다,전혀 자랑스럽지 않다,1,1,Q71|Q72,Q73|Q75
R_2QyNmeXVdVbLP62,여,1967,강원도,Gangwon Province,0,0,"전문대학교 (2년) 졸업, 기술고급중학교","2-year technical college, vocational high school",예,예,예,2000,2007,북조선 체제의 감시통제가 싫어서 (자유를 찾아서),서울,대학원 이상,아니오,아니오,다소 보수적,국민의힘,기혼,기독교,5,매우 자랑스럽다,별로 자랑스럽지 않다,2,0,Q71|Q72,Q74|Q75
R_1GCY5Bq3wZNcq5C,여,1947,함경북도,North Hamgyong Province,1,0,"전문대학교 (2년) 졸업, 기술고급중학교","2-year technical college, vocational high school",아니오,아니오,아니오,2000,2008,먼저 탈북한 사람(가족 제외)이 권유해서,경기도,학교를 다시 다니지 않았다,예,,다소 진보적,국민의힘,기혼,기독교,10,매우 자랑스럽다,전혀 자랑스럽지 않다,1,1,Q70|Q72,Q74|Q75
R_3HnUHofTGzSEWBG,여,1971,함경북도,North Hamgyong Province,1,0,대학교 (3-4년) 졸업,University (3-4 years),아니오,아니오,아니오,2003,2009,가족 (자녀 등)에게 더 나은 생활환경을 주려고,광주,대학교,아니오,아니오,다소 진보적,더불어민주당,기혼,무교,7,어느 정도 자랑스럽다,매우 자랑스럽다,2,1,Q70|Q72,Q74|Q75
R_1MS6LIXBvCLvnI1,남,1964,강원도,Gangwon Province,0,0,"전문대학교 (2년) 졸업, 기술고급중학교","2-year technical college, vocational high school",예,예,예,1997,1997,신변의 위협을 느껴서,서울,대학원 이상,아니오,아니오,매우 보수적,국민의힘,기혼,기독교,,어느 정도 자랑스럽다,어느 정도 자랑스럽다,0,0,Q71|Q72,Q74|Q75
R_2dSiNuV2H1J7E7B,여,1948,강원도,Gangwon Province,0,0,고등중학교 고등반(4-6년) 졸업,Upper secondary (4-6 years),아니오,아니오,아니오,2019,2019,먼저 탈북한 가족을 찾거나 함께 살기 위해,서울,학교를 다시 다니지 않았다,예,,매우 보수적,국민의힘,기혼,기독교,10,매우 자랑스럽다,전혀 자랑스럽지 않다,3,2,Q71|Q72,Q74|Q75
R_2rTKH23rGQIfwNK,남,1990,함경남도,South Hamgyong Province,0,0,인민학교 이하,Elementary or below,예,예,아니오,2005,2008,식량이 부족해서,대전,대학교,아니오,아니오,매우 진보적,국민의힘,동거,기독교,5,매우 자랑스럽다,매우 자랑스럽다,3,4,Q71|Q72,Q73|Q75
R_eIMKbC3c00jY5tn,여,1951,함경북도,North Hamgyong Province,1,0,고등중학교 고등반(4-6년) 졸업,Upper secondary (4-6 years),아니오,아니오,아니오,2007,2007,식량이 부족해서,서울,중학교,예,,잘 모르겠다,국민의힘,과부,기독교,6,어느 정도 자랑스럽다,어느 정도 자랑스럽다,1,4,Q70|Q72,Q73|Q75
R_3Jz6051FRkB2QQX,여,1951,함경북도,North Hamgyong Province,1,0,고등중학교 고등반(4-6년) 졸업,Upper secondary (4-6 years),아니오,아니오,아니오,2007,2007,식량이 부족해서,서울,기타(예:서당),아니오,예,잘 모르겠다,국민의힘,과부,기독교,4,어느 정도 자랑스럽다,어느 정도 자랑스럽다,1,4,Q71|Q72,Q74|Q75
R_1gT2l3p3iWz9sru,여,1942,함경북도,North Hamgyong Province,1,0,고등중학교 중등반(1-3년) 졸업,Lower secondary (1-3 years),예,아니오,아니오,1999,2015,북조선 체제의 감시통제가 싫어서 (자유를 찾아서),서울,학교를 다시 다니지 않았다,예,,매우 보수적,국민의힘,과부,기독교,10,매우 자랑스럽다,전혀 자랑스럽지 않다,3,1,Q71|Q72,Q73|Q75
R_3foQJIPUtOsT0OM,여,1952,량강도,Ryanggang Province,1,0,고등중학교 중등반(1-3년) 졸업,Lower secondary (1-3 years),아니오,아니오,아니오,2009,2009,먼저 탈북한 가족을 찾거나 함께 살기 위해,경기도,기타(예:서당),예,,매우 보수적,국민의힘,기혼,기독교,10,매우 자랑스럽다,매우 자랑스럽다,2,1,Q71|Q72,Q74|Q75
R_2fktQNMeJaxA6tl,남,1973,량강도,Ryanggang Province,1,0,대학교 (3-4년) 졸업,University (3-4 years),예,예,예,2016,2016,북조선 체제의 감시통제가 싫어서 (자유를 찾아서),서울,학교를 다시 다니지 않았다,아니오,아니오,다소 진보적,더불어민주당,기혼,기독교,7,어느 정도 자랑스럽다,별로 자랑스럽지 않다,1,0,Q71|Q72,Q74|Q75
R_1IyqRgALy75zxfF,여,1977,량강도,Ryanggang Province,1,0,"전문대학교 (2년) 졸업, 기술고급중학교","2-year technical college, vocational high school",예,예,아니오,2016,2016,북조선 체제의 감시통제가 싫어서 (자유를 찾아서),서울,대학교,아니오,아니오,다소 진보적,더불어민주당,기혼,기독교,5,어느 정도 자랑스럽다,별로 자랑스럽지 않다,1,1,Q71|Q72,Q73|Q75
R_2qkgW9LDeJCQPT6,여,1957,평양,Pyongyang,0,1,"전문대학교 (2년) 졸업, 기술고급중학교","2-year technical college, vocational high school",예,예,아니오,2005,2005,가족 (자녀 등)에게 더 나은 생활환경을 주려고,서울,전문대학(기술 학교 포함),예,,중도적,잘 모르겠다,기혼,기독교,9,매우 자랑스럽다,전혀 자랑스럽지 않다,1,2,Q71|Q72,Q74|Q75
R_1jdYygRlu0LZgJC,여,1947,함경북도,North Hamgyong Province,1,0,대학교 (3-4년) 졸업,University (3-4 years),예,아니오,아니오,2011,2011,먼저 탈북한 가족을 찾거나 함께 살기 위해,경기도,전문대학(기술 학교 포함),예,,매우 보수적,국민의힘,기혼,기독교,10,매우 자랑스럽다,전혀 자랑스럽지 않다,1,1,Q71|Q72,Q74|Q75
R_1mgYK2551jRmKXo,여,1932,평안북도,North Pyongan Province,1,0,인민학교 이하,Elementary or below,예,예,예,2002,2002,가족 (자녀 등)에게 더 나은 생활환경을 주려고,경기도,학교를 다시 다니지 않았다,예,,매우 진보적,국민의힘,과부,기독교,9,매우 자랑스럽다,전혀 자랑스럽지 않다,3,2,Q71|Q72,Q74|Q75
R_3kv4szR9KI2RCkK,여,1953,함경북도,North Hamgyong Province,1,0,"전문대학교 (2년) 졸업, 기술고급중학교","2-year technical college, vocational high school",예,아니오,아니오,1999,2012,식량이 부족해서,서울,학교를 다시 다니지 않았다,예,,매우 보수적,국민의힘,과부,기독교,9,매우 자랑스럽다,전혀 자랑스럽지 않다,1,2,Q70|Q72,Q74|Q75
R_2wGH1snmw6fW3Qm,여,1946,함경북도,North Hamgyong Province,1,0,"전문대학교 (2년) 졸업, 기술고급중학교","2-year technical college, vocational high school",아니오,아니오,예,2005,2005,북조선 체제의 감시통제가 싫어서 (자유를 찾아서),경기도,학교를 다시 다니지 않았다,아니오,예,매우 보수적,국민의힘,기혼,기독교,10,매우 자랑스럽다,별로 자랑스럽지 않다,1,2,Q70|Q72,Q74|Q75
R_1PcHDgyw3w3v27L,여,1975,함경북도,North Hamgyong Province,1,0,고등중학교 고등반(4-6년) 졸업,Upper secondary (4-6 years),예,아니오,아니오,1999,2009,가족 (자녀 등)에게 더 나은 생활환경을 주려고,경기도,전문대학(기술 학교 포함),아니오,아니오,잘 모르겠다,잘 모르겠다,기혼,기독교,10,매우 자랑스럽다,전혀 자랑스럽지 않다,2,1,Q70|Q72,Q74|Q75
R_1eV5i0kAHbr8e9u,여,1930,평안북도,North Pyongan Province,1,0,인민학교 이하,Elementary or below,예,예,예,2005,2005,가족 (자녀 등)에게 더 나은 생활환경을 주려고,경기도,학교를 다시 다니지 않았다,아니오,예,매우 진보적,국민의힘,과부,기독교,10,매우 자랑스럽다,전혀 자랑스럽지 않다,1,4,Q70|Q72,Q73|Q75
R_XZWyyYfZkrQXOKd,여,1965,함경북도,North Hamgyong Province,1,0,"전문대학교 (2년) 졸업, 기술고급중학교","2-year technical college, vocational high school",예,예,아니오,2007,2008,북조선 체제의 감시통제가 싫어서 (자유를 찾아서),서울,학교를 다시 다니지 않았다,아니오,아니오,잘 모르겠다,더불어민주당,이혼,불교,8,어느 정도 자랑스럽다,별로 자랑스럽지 않다,1,3,Q70|Q72,Q74|Q75
R_3LZ4ACZRWQFuNDM,여,1963,함경북도,North Hamgyong Province,1,0,고등중학교 고등반(4-6년) 졸업,Upper secondary (4-6 years),예,아니오,아니오,2004,2009,북조선 체제의 감시통제가 싫어서 (자유를 찾아서),경기도,학교를 다시 다니지 않았다,예,,다소 진보적,더불어민주당,이혼,기독교,10,매우 자랑스럽다,별로 자랑스럽지 않다,3,2,Q70|Q72,Q74|Q75
R_3CVGPqzsHEu84MY,여,1977,함경북도,North Hamgyong Province,1,0,"전문대학교 (2년) 졸업, 기술고급중학교","2-year technical college, vocational high school",예,예,아니오,2002,2002,돈을 더 많이 벌고 싶어서,서울,대학교,아니오,예,중도적,잘 모르겠다,기혼,기독교,10,매우 자랑스럽다,별로 자랑스럽지 않다,1,1,Q71|Q72,Q74|Q75
R_3h4qHYqzkYMVVou,여,1971,량강도,Ryanggang Province,1,0,고등중학교 고등반(4-6년) 졸업,Upper secondary (4-6 years),예,예,아니오,2019,2019,먼저 탈북한 가족을 찾거나 함께 살기 위해,경기도,기타(예:서당),예,,매우 보수적,국민의힘,과부,무교,7,어느 정도 자랑스럽다,전혀 자랑스럽지 않다,2,3,Q71|Q72,Q73|Q75
R_2QhTrkE2qfwTXM9,여,1981,량강도,Ryanggang Province,1,0,고등중학교 고등반(4-6년) 졸업,Upper secondary (4-6 years),예,아니오,아니오,2016,2016,신변의 위협을 느껴서,서울,대학교,아니오,아니오,중도적,국민의힘,기혼,기독교,,매우 자랑스럽다,별로 자랑스럽지 않다,1,1,Q70|Q72,Q73|Q75
R_12DY56FTijlq56V,여,1970,평안남도,South Pyongan Province,0,0,고등중학교 고등반(4-6년) 졸업,Upper secondary (4-6 years),예,아니오,아니오,2011,2011,먼저 탈북한 가족을 찾거나 함께 살기 위해,서울,고등학교,아니오,아니오,잘 모르겠다,잘 모르겠다,이혼,기독교,10,매우 자랑스럽다,전혀 자랑스럽지 않다,1,1,Q70|Q72,Q73|Q75
R_2EnKEqAG6MdODsE,여,1973,함경북도,North Hamgyong Province,1,0,고등중학교 고등반(4-6년) 졸업,Upper secondary (4-6 years),예,아니오,아니오,1997,2004,신변의 위협을 느껴서,경남,학교를 다시 다니지 않았다,아니오,예,매우 보수적,국민의힘,기혼,기독교,10,매우 자랑스럽다,별로 자랑스럽지 않다,2,2,Q70|Q72,Q73|Q75
R_27Oqk2hjvKVZ3zq,남,1958,강원도,Gangwon Province,0,0,대학교 (3-4년) 졸업,University (3-4 years),예,아니오,예,2006,2007,가족 (자녀 등)에게 더 나은 생활환경을 주려고,서울,대학교,예,,잘 모르겠다,잘 모르겠다,기혼,기독교,8,어느 정도 자랑스럽다,별로 자랑스럽지 않다,2,3,Q70|Q72,Q73|Q75
R_0NfDJ4j88YRV95v,여,1974,평안남도,South Pyongan Province,0,0,고등중학교 고등반(4-6년) 졸업,Upper secondary (4-6 years),예,아니오,아니오,2019,2010,돈을 더 많이 벌고 싶어서,서울,학교를 다시 다니지 않았다,예,,잘 모르겠다,더불어민주당,기혼,무교,10,어느 정도 자랑스럽다,별로 자랑스럽지 않다,1.3,4,Q70|Q72,Q73|Q75
R_2woddyWC5qm9x4z,여,1963,함경북도,North Hamgyong Province,1,0,"전문대학교 (2년) 졸업, 기술고급중학교","2-year technical college, vocational high school",예,아니오,아니오,2005,2006,가족 (자녀 등)에게 더 나은 생활환경을 주려고,서울,학교를 다시 다니지 않았다,예,,잘 모르겠다,잘 모르겠다,기혼,기독교,9,매우 자랑스럽다,별로 자랑스럽지 않다,2,3,Q70|Q72,Q73|Q75
R_dgoegfDtyDumwQp,여,1975,함경북도,North Hamgyong Province,1,0,고등중학교 고등반(4-6년) 졸업,Upper secondary (4-6 years),예,아니오,아니오,2004,2010,먼저 탈북한 사람(가족 제외)이 권유해서,서울,학교를 다시 다니지 않았다,아니오,예,다소 보수적,국민의힘,미혼,무교,10,매우 자랑스럽다,전혀 자랑스럽지 않다,0,2,Q70|Q72,Q73|Q75
R_296ekItug0QOg7C,여,1965,평안남도,South Pyongan Province,0,0,고등중학교 고등반(4-6년) 졸업,Upper secondary (4-6 years),예,아니오,아니오,2019,2019,북조선 체제의 감시통제가 싫어서 (자유를 찾아서),서울,학교를 다시 다니지 않았다,아니오,아니오,잘 모르겠다,잘 모르겠다,이혼,기독교,10,어느 정도 자랑스럽다,별로 자랑스럽지 않다,3,3,Q71|Q72,Q73|Q75
R_2ccnz8pLoMl6TXH,여,1957,함경남도,South Hamgyong Province,0,0,"전문대학교 (2년) 졸업, 기술고급중학교","2-year technical college, vocational high school",예,아니오,아니오,2003,2007,주변 사람(가족 제외)의 권유로,서울,학교를 다시 다니지 않았다,아니오,예,잘 모르겠다,국민의힘,과부,기독교,10,매우 자랑스럽다,전혀 자랑스럽지 않다,2,2,Q70|Q72,Q74|Q75
R_3KxpxD5tlI35vQp,여,1971,함경북도,North Hamgyong Province,1,0,고등중학교 고등반(4-6년) 졸업,Upper secondary (4-6 years),아니오,아니오,아니오,2006,2008,북조선 체제의 감시통제가 싫어서 (자유를 찾아서),서울,학교를 다시 다니지 않았다,아니오,예,중도적,국민의힘,동거,기독교,,매우 자랑스럽다,전혀 자랑스럽지 않다,3,3,Q70|Q72,Q73|Q75
R_1gzQVn4qCzXBMAj,여,1990,량강도,Ryanggang Province,1,0,인민학교 이하,Elementary or below,아니오,아니오,아니오,2015,2015,식량이 부족해서,경기도,학교를 다시 다니지 않았다,아니오,아니오,잘 모르겠다,국민의힘,과부,무교,10,매우 자랑스럽다,전혀 자랑스럽지 않다,3,1,Q70|Q72,Q73|Q75
R_3EPTYIwwNq5vcEc,여,1946,평안남도,South Pyongan Province,0,0,고등중학교 중등반(1-3년) 졸업,Lower secondary (1-3 years),아니오,아니오,아니오,1998,2006,식량이 부족해서,서울,학교를 다시 다니지 않았다,아니오,아니오,잘 모르겠다,잘 모르겠다,이혼,기독교,5,어느 정도 자랑스럽다,별로 자랑스럽지 않다,0,1,Q70|Q72,Q73|Q75
R_3rNdDVF8pVAIbW3,여,1980,함경남도,South Hamgyong Province,0,0,고등중학교 고등반(4-6년) 졸업,Upper secondary (4-6 years),예,아니오,아니오,2003,2005,식량이 부족해서,경기도,고등학교,아니오,예,잘 모르겠다,잘 모르겠다,기혼,무교,9,매우 자랑스럽다,전혀 자랑스럽지 않다,1,2,Q70|Q72,Q73|Q75
R_DGpLZjPR3P9Oupr,여,1965,황해북도,North Hwanghae Province,0,0,고등중학교 고등반(4-6년) 졸업,Upper secondary (4-6 years),아니오,아니오,아니오,1997,2002,신변의 위협을 느껴서,경기도,기타(예:서당),아니오,아니오,다소 보수적,국민의힘,기혼,기독교,8,매우 자랑스럽다,별로 자랑스럽지 않다,4,1,Q71|Q72,Q73|Q75
R_2e22XA1nOsz2LiV,남,1969,황해북도,North Hwanghae Province,0,0,고등중학교 고등반(4-6년) 졸업,Upper secondary (4-6 years),아니오,아니오,아니오,2007,2008,식량이 부족해서,서울,학교를 다시 다니지 않았다,아니오,아니오,중도적,잘 모르겠다,기혼,무교,9,어느 정도 자랑스럽다,별로 자랑스럽지 않다,2,2,Q71|Q72,Q74|Q75
R_24vljA27IsPdDfJ,여,1971,함경북도,North Hamgyong Province,1,0,고등중학교 고등반(4-6년) 졸업,Upper secondary (4-6 years),예,예,아니오,2009,2009,먼저 탈북한 가족을 찾거나 함께 살기 위해,인천,학교를 다시 다니지 않았다,아니오,아니오,잘 모르겠다,잘 모르겠다,기혼,천주교,10,매우 자랑스럽다,전혀 자랑스럽지 않다,3,3,Q71|Q72,Q74|Q75
R_3fDDrNN3l6NqEYK,남,1980,량강도,Ryanggang Province,1,0,대학교 (3-4년) 졸업,University (3-4 years),예,아니오,예,2018,2018,가족 (자녀 등)에게 더 나은 생활환경을 주려고,서울,대학교,아니오,아니오,매우 보수적,국민의힘,기혼,무교,10,매우 자랑스럽다,별로 자랑스럽지 않다,4,2,Q71|Q72,Q73|Q75
R_3KPL1QDt2YFiXNr,여,1960,량강도,Ryanggang Province,1,0,고등중학교 고등반(4-6년) 졸업,Upper secondary (4-6 years),아니오,아니오,아니오,2018,2018,신변의 위협을 느껴서,인천,고등학교,아니오,예,다소 보수적,국민의힘,과부,무교,,매우 자랑스럽다,별로 자랑스럽지 않다,2,4,Q70|Q72,Q73|Q75
R_2aqvzJHaKp0B1z1,여,1971,량강도,Ryanggang Province,1,0,고등중학교 고등반(4-6년) 졸업,Upper secondary (4-6 years),아니오,아니오,아니오,2019,2019,먼저 탈북한 가족을 찾거나 함께 살기 위해,경기도,학교를 다시 다니지 않았다,아니오,예,잘 모르겠다,한국의희망,과부,기독교,10,매우 자랑스럽다,전혀 자랑스럽지 않다,1,2,Q71|Q72,Q74|Q75
R_3hlMA3YY0O6XZSJ,여,1965,함경북도,North Hamgyong Province,1,0,고등중학교 고등반(4-6년) 졸업,Upper secondary (4-6 years),예,아니오,아니오,1999,2005,식량이 부족해서,서울,전문대학(기술 학교 포함),아니오,아니오,매우 보수적,국민의힘,과부,기독교,10,매우 자랑스럽다,전혀 자랑스럽지 않다,1,4,Q71|Q72,Q73|Q75
R_3GfW8Or7ERNo3Dq,여,1967,개성,Kaesong,0,0,고등중학교 고등반(4-6년) 졸업,Upper secondary (4-6 years),아니오,아니오,아니오,2005,2016,가족 (자녀 등)에게 더 나은 생활환경을 주려고,인천,기타(예:서당),아니오,예,중도적,잘 모르겠다,이혼,무교,10,매우 자랑스럽다,별로 자랑스럽지 않다,1,0,Q70|Q72,Q74|Q75
R_1jYUx5ZxklOqjFA,여,1983,함경북도,North Hamgyong Province,1,0,고등중학교 고등반(4-6년) 졸업,Upper secondary (4-6 years),예,아니오,아니오,2011,2012,주변 사람(가족 제외)의 권유로,경기도,대학원 이상,예,,중도적,기본소득당,기혼,기독교,5,어느 정도 자랑스럽다,별로 자랑스럽지 않다,3,3,Q70|Q72,Q73|Q75
R_Zw1rYwYThj90LEB,여,1968,량강도,Ryanggang Province,1,0,고등중학교 고등반(4-6년) 졸업,Upper secondary (4-6 years),예,예,아니오,2019,2019,북조선 체제의 감시통제가 싫어서 (자유를 찾아서),경기도,학교를 다시 다니지 않았다,아니오,아니오,중도적,국민의힘,기혼,기독교,10,매우 자랑스럽다,전혀 자랑스럽지 않다,1,1,Q70|Q72,Q73|Q75
R_1OqNJe5SyQZfyzI,여,1968,함경북도,North Hamgyong Province,1,0,고등중학교 고등반(4-6년) 졸업,Upper secondary (4-6 years),아니오,아니오,아니오,2009,2009,신변의 위협을 느껴서,인천,대학원 이상,아니오,아니오,다소 보수적,국민의힘,이혼,무교,7,어느 정도 자랑스럽다,별로 자랑스럽지 않다,2,2,Q71|Q72,Q74|Q75
R_DV1OOQ3SAfKsLvz,여,1973,함경북도,North Hamgyong Province,1,0,"전문대학교 (2년) 졸업, 기술고급중학교","2-year technical college, vocational high school",예,예,예,2013,2014,가족 (자녀 등)에게 더 나은 생활환경을 주려고,경기도,학교를 다시 다니지 않았다,아니오,아니오,중도적,더불어민주당,기혼,기독교,6,어느 정도 자랑스럽다,별로 자랑스럽지 않다,1,2,Q70|Q72,Q73|Q75
R_2fcv19HGqci716C,여,1988,평안북도,North Pyongan Province,1,0,고등중학교 고등반(4-6년) 졸업,Upper secondary (4-6 years),아니오,아니오,아니오,2018,2019,돈을 더 많이 벌고 싶어서,서울,학교를 다시 다니지 않았다,아니오,아니오,중도적,더불어민주당,기혼,무교,6,어느 정도 자랑스럽다,별로 자랑스럽지 않다,1,3,Q71|Q72,Q74|Q75
R_3IWrRoQDPsFOjql,여,1963,함경북도,North Hamgyong Province,1,0,고등중학교 고등반(4-6년) 졸업,Upper secondary (4-6 years),예,예,아니오,2014,2014,북조선 체제의 감시통제가 싫어서 (자유를 찾아서),서울,학교를 다시 다니지 않았다,아니오,아니오,잘 모르겠다,잘 모르겠다,과부,기독교,10,매우 자랑스럽다,전혀 자랑스럽지 않다,1,1,Q71|Q72,Q74|Q75
R_2P214YY3zy7oFye,여,1945,평안북도,North Pyongan Province,1,0,고등중학교 고등반(4-6년) 졸업,Upper secondary (4-6 years),예,예,예,2000,2009,식량이 부족해서,서울,학교를 다시 다니지 않았다,예,,잘 모르겠다,국민의힘,기혼,기독교,10,매우 자랑스럽다,전혀 자랑스럽지 않다,1,1,Q71|Q72,Q73|Q75
R_vZiSWLvOXZXPR1T,여,1944,평양,Pyongyang,0,1,고등중학교 고등반(4-6년) 졸업,Upper secondary (4-6 years),아니오,아니오,아니오,2006,2006,먼저 탈북한 가족을 찾거나 함께 살기 위해,서울,학교를 다시 다니지 않았다,예,,중도적,국민의힘,과부,기독교,6,매우 자랑스럽다,별로 자랑스럽지 않다,1,1,Q70|Q72,Q73|Q75
R_2feLKPsuC81RHjT,여,1957,강원도,Gangwon Province,0,0,"전문대학교 (2년) 졸업, 기술고급중학교","2-year technical college, vocational high school",예,아니오,예,2007,2012,식량이 부족해서,서울,전문대학(기술 학교 포함),예,,다소 보수적,국민의힘,과부,기독교,10,매우 자랑스럽다,별로 자랑스럽지 않다,2,2,Q71|Q72,Q74|Q75
R_pEOxLhi7FXhObyV,여,1950,평안북도,North Pyongan Province,1,0,고등중학교 중등반(1-3년) 졸업,Lower secondary (1-3 years),아니오,아니오,아니오,2013,2014,먼저 탈북한 가족을 찾거나 함께 살기 위해,서울,학교를 다시 다니지 않았다,예,,다소 진보적,더불어민주당,기혼,기독교,10,매우 자랑스럽다,별로 자랑스럽지 않다,1,2,Q70|Q72,Q74|Q75
R_2TRZkHtUOrhA3b2,여,1980,평안남도,South Pyongan Province,0,0,"전문대학교 (2년) 졸업, 기술고급중학교","2-year technical college, vocational high school",아니오,아니오,아니오,2010,2010,돈을 더 많이 벌고 싶어서,서울,대학교,아니오,아니오,중도적,국민의힘,기혼,기독교,7,어느 정도 자랑스럽다,별로 자랑스럽지 않다,1,2,Q70|Q72,Q74|Q75
R_WD7MiLYYB0Qhv8t,여,1977,평양,Pyongyang,0,1,"전문대학교 (2년) 졸업, 기술고급중학교","2-year technical college, vocational high school",아니오,아니오,아니오,2019,2022,북조선 체제의 감시통제가 싫어서 (자유를 찾아서),충남,학교를 다시 다니지 않았다,아니오,아니오,다소 진보적,더불어민주당,기혼,불교,4,어느 정도 자랑스럽다,별로 자랑스럽지 않다,0,0,Q71|Q72,Q74|Q75
R_3sibzEEIL76IM9Q,남,1975,평양,Pyongyang,0,1,대학교 (3-4년) 졸업,University (3-4 years),아니오,아니오,아니오,2010,2010,돈을 더 많이 벌고 싶어서,서울,대학교,아니오,아니오,다소 보수적,더불어민주당,기혼,무교,,매우 자랑스럽다,어느 정도 자랑스럽다,1,2,Q70|Q72,Q73|Q75
R_1LTLF4P2Xhj2kZr,여,1988,평안남도,South Pyongan Province,0,0,대학교 (3-4년) 졸업,University (3-4 years),아니오,아니오,아니오,2019,2021,주변 사람(가족 제외)의 권유로,경기도,학교를 다시 다니지 않았다,아니오,아니오,중도적,더불어민주당,기혼,기독교,7,어느 정도 자랑스럽다,어느 정도 자랑스럽다,0,0,Q70|Q72,Q73|Q75
R_dmVamlZvYSUAaGd,여,1986,량강도,Ryanggang Province,1,0,"전문대학교 (2년) 졸업, 기술고급중학교","2-year technical college, vocational high school",예,아니오,아니오,2014,2014,가족 (자녀 등)에게 더 나은 생활환경을 주려고,서울,대학교,아니오,예,잘 모르겠다,국민의힘,이혼,무교,8,어느 정도 자랑스럽다,별로 자랑스럽지 않다,1,2,Q71|Q72,Q74|Q75
R_22Dkz9DH84yUmqm,여,1980,함경북도,North Hamgyong Province,1,0,고등중학교 고등반(4-6년) 졸업,Upper secondary (4-6 years),예,아니오,아니오,2003,2008,가족 (자녀 등)에게 더 나은 생활환경을 주려고,서울,전문대학(기술 학교 포함),아니오,아니오,잘 모르겠다,잘 모르겠다,이혼,기독교,9,어느 정도 자랑스럽다,별로 자랑스럽지 않다,3,1,Q71|Q72,Q74|Q75
R_3hlG2BCGC0R6tjG,여,1988,량강도,Ryanggang Province,1,0,"전문대학교 (2년) 졸업, 기술고급중학교","2-year technical college, vocational high school",아니오,아니오,아니오,2013,2014,먼저 탈북한 가족을 찾거나 함께 살기 위해,경기도,대학교,아니오,아니오,잘 모르겠다,국민의힘,기혼,기독교,10,매우 자랑스럽다,전혀 자랑스럽지 않다,3,2,Q71|Q72,Q73|Q75
R_vZC4KzlNvxfE7LP,여,1956,량강도,Ryanggang Province,1,0,"전문대학교 (2년) 졸업, 기술고급중학교","2-year technical college, vocational high school",예,아니오,아니오,2014,2014,가족 (자녀 등)에게 더 나은 생활환경을 주려고,서울,학교를 다시 다니지 않았다,아니오,아니오,다소 보수적,국민의힘,기혼,기독교,10,매우 자랑스럽다,별로 자랑스럽지 않다,2,2,Q71|Q72,Q73|Q75
R_24pj3N52YqzihXR,남,1993,황해북도,North Hwanghae Province,0,0,고등중학교 중등반(1-3년) 졸업,Lower secondary (1-3 years),아니오,아니오,아니오,2020,2021,북조선 체제의 감시통제가 싫어서 (자유를 찾아서),서울,학교를 다시 다니지 않았다,아니오,아니오,다소 보수적,국민의힘,미혼,무교,6,매우 자랑스럽다,전혀 자랑스럽지 않다,1,2,Q71|Q72,Q74|Q75
R_1E54X56k2qxMCqs,남,1980,량강도,Ryanggang Province,1,0,고등중학교 고등반(4-6년) 졸업,Upper secondary (4-6 years),예,아니오,아니오,2018,2018,북조선 체제의 감시통제가 싫어서 (자유를 찾아서),경기도,학교를 다시 다니지 않았다,아니오,아니오,잘 모르겠다,잘 모르겠다,이혼,무교,8,어느 정도 자랑스럽다,별로 자랑스럽지 않다,2,3,Q70|Q72,Q74|Q75
R_3dENTQRiUwBN2Em,여,1994,함경남도,South Hamgyong Province,0,0,고등중학교 중등반(1-3년) 졸업,Lower secondary (1-3 years),아니오,아니오,아니오,2022,2022,돈을 더 많이 벌고 싶어서,경기도,학교를 다시 다니지 않았다,아니오,아니오,다소 진보적,잘 모르겠다,미혼,무교,5,어느 정도 자랑스럽다,별로 자랑스럽지 않다,1,1,Q71|Q72,Q74|Q75
R_3OdZp61SWoYIaDJ,여,1978,함경남도,South Hamgyong Province,0,0,대학교 (3-4년) 졸업,University (3-4 years),아니오,아니오,아니오,2019,2021,북조선 체제의 감시통제가 싫어서 (자유를 찾아서),서울,학교를 다시 다니지 않았다,아니오,아니오,다소 진보적,더불어민주당,기혼,불교,7,어느 정도 자랑스럽다,어느 정도 자랑스럽다,0,0,Q70|Q72,Q74|Q75
R_2wjKyUYilX9ODbS,남,1992,함경북도,North Hamgyong Province,1,0,인민학교 이하,Elementary or below,아니오,아니오,아니오,2020,2023,돈을 더 많이 벌고 싶어서,대전,학교를 다시 다니지 않았다,아니오,아니오,다소 보수적,잘 모르겠다,미혼,불교,5,어느 정도 자랑스럽다,어느 정도 자랑스럽다,0,3,Q70|Q72,Q73|Q75
R_1f8eM8amKvWliF2,여,1992,함경북도,North Hamgyong Province,1,0,인민학교 이하,Elementary or below,아니오,아니오,아니오,2020,2021,돈을 더 많이 벌고 싶어서,강원도,학교를 다시 다니지 않았다,아니오,아니오,다소 진보적,잘 모르겠다,미혼,기독교,7,어느 정도 자랑스럽다,별로 자랑스럽지 않다,1,2,Q71|Q72,Q73|Q75
R_12aGBQW3Ri46RyU,남,1980,평안북도,North Pyongan Province,1,0,대학교 (3-4년) 졸업,University (3-4 years),아니오,아니오,아니오,2018,2020,주변 사람(가족 제외)의 권유로,경기도,학교를 다시 다니지 않았다,아니오,아니오,다소 진보적,더불어민주당,기혼,무교,7,어느 정도 자랑스럽다,어느 정도 자랑스럽다,0,0,Q71|Q72,Q74|Q75
R_1LMyND0tutUHXoo,남,1982,평안남도,South Pyongan Province,0,0,인민학교 이하,Elementary or below,아니오,아니오,아니오,2017,2017,가족 (자녀 등)에게 더 나은 생활환경을 주려고,충남,학교를 다시 다니지 않았다,예,,다소 보수적,잘 모르겠다,미혼,무교,,어느 정도 자랑스럽다,전혀 자랑스럽지 않다,2,2,Q70|Q72,Q74|Q75
R_1qf7HVR1DlImDRG,여,1972,량강도,Ryanggang Province,1,0,"전문대학교 (2년) 졸업, 기술고급중학교","2-year technical college, vocational high school",아니오,아니오,아니오,2018,2019,북조선 체제의 감시통제가 싫어서 (자유를 찾아서),서울,기타(예:서당),예,,잘 모르겠다,잘 모르겠다,과부,무교,9,매우 자랑스럽다,별로 자랑스럽지 않다,2,4,Q71|Q72,Q73|Q75
R_3hgUEe5LKdPSMrh,여,1973,함경남도,South Hamgyong Province,0,0,고등중학교 고등반(4-6년) 졸업,Upper secondary (4-6 years),예,예,아니오,2019,2019,가족 (자녀 등)에게 더 나은 생활환경을 주려고,인천,학교를 다시 다니지 않았다,예,,다소 보수적,잘 모르겠다,미혼,무교,10,매우 자랑스럽다,전혀 자랑스럽지 않다,1,4,Q70|Q72,Q73|Q75
R_Xk6t1SOhwyhHUf7,여,1966,량강도,Ryanggang Province,1,0,"전문대학교 (2년) 졸업, 기술고급중학교","2-year technical college, vocational high school",예,예,아니오,2016,2016,먼저 탈북한 가족을 찾거나 함께 살기 위해,서울,전문대학(기술 학교 포함),아니오,아니오,매우 보수적,국민의힘,과부,기독교,10,매우 자랑스럽다,별로 자랑스럽지 않다,3,2,Q70|Q72,Q73|Q75
R_RqTdn6wffSKXbUZ,남,1975,평양,Pyongyang,0,1,고등중학교 고등반(4-6년) 졸업,Upper secondary (4-6 years),아니오,아니오,아니오,2010,2010,돈을 더 많이 벌고 싶어서,광주,학교를 다시 다니지 않았다,아니오,아니오,다소 진보적,잘 모르겠다,기혼,무교,8,어느 정도 자랑스럽다,별로 자랑스럽지 않다,1,2,Q70|Q72,Q74|Q75
R_8dXbYVIHVL4nveV,여,1981,평안남도,South Pyongan Province,0,0,고등중학교 고등반(4-6년) 졸업,Upper secondary (4-6 years),예,예,아니오,2017,2017,돈을 더 많이 벌고 싶어서,경기도,학교를 다시 다니지 않았다,아니오,아니오,중도적,잘 모르겠다,과부,무교,6,매우 자랑스럽다,별로 자랑스럽지 않다,1,2,Q70|Q72,Q74|Q75
R_1Nsli3NdWpV6wqv,여,1957,함경남도,South Hamgyong Province,0,0,대학교 (3-4년) 졸업,University (3-4 years),예,아니오,예,2004,2014,신변의 위협을 느껴서,서울,대학교,아니오,예,중도적,국민의힘,과부,무교,0,매우 자랑스럽다,매우 자랑스럽다,3,2,Q71|Q72,Q74|Q75
R_07WssOzfJtVvDpv,여,1970,함경북도,North Hamgyong Province,1,0,대학교 (3-4년) 졸업,University (3-4 years),예,아니오,예,2009,2009,돈을 더 많이 벌고 싶어서,서울,대학교,아니오,예,매우 진보적,더불어민주당,기혼,무교,3,별로 자랑스럽지 않다,매우 자랑스럽다,2,2,Q71|Q72,Q73|Q75
R_2QL3MpyV2bTYpNR,여,1972,량강도,Ryanggang Province,1,0,고등중학교 고등반(4-6년) 졸업,Upper secondary (4-6 years),예,아니오,아니오,2013,2017,신변의 위협을 느껴서,강원도,학교를 다시 다니지 않았다,아니오,아니오,매우 보수적,국민의힘,기혼,기독교,9,매우 자랑스럽다,,2,1,Q70|Q72,Q74|Q75
R_1LkAJt4TjV57iKs,여,1951,함경북도,North Hamgyong Province,1,0,고등중학교 중등반(1-3년) 졸업,Lower secondary (1-3 years),아니오,아니오,아니오,2009,2009,먼저 탈북한 가족을 찾거나 함께 살기 위해,경기도,학교를 다시 다니지 않았다,예,,잘 모르겠다,국민의힘,과부,기독교,10,매우 자랑스럽다,전혀 자랑스럽지 않다,3,4,Q71|Q72,Q73|Q75
R_2dhhIgsQkyshWlc,여,1950,함경북도,North Hamgyong Province,1,0,고등중학교 고등반(4-6년) 졸업,Upper secondary (4-6 years),예,아니오,아니오,2011,2011,가족 (자녀 등)에게 더 나은 생활환경을 주려고,서울,학교를 다시 다니지 않았다,예,,잘 모르겠다,국민의힘,과부,기독교,,매우 자랑스럽다,전혀 자랑스럽지 않다,2,3,Q71|Q72,Q74|Q75
R_2uVxwVy97snl2ER,여,1986,함경북도,North Hamgyong Province,1,0,고등중학교 고등반(4-6년) 졸업,Upper secondary (4-6 years),예,아니오,아니오,2006,2007,먼저 탈북한 사람(가족 제외)이 권유해서,강원도,대학교,아니오,예,다소 보수적,국민의힘,기혼,무교,10,어느 정도 자랑스럽다,전혀 자랑스럽지 않다,3,1,Q71|Q72,Q73|Q75
R_VJaILU1zpHkwN8J,남,1969,평안남도,South Pyongan Province,0,0,대학교 (3-4년) 졸업,University (3-4 years),아니오,아니오,예,2017,2019,북조선 체제의 감시통제가 싫어서 (자유를 찾아서),서울,학교를 다시 다니지 않았다,아니오,아니오,매우 보수적,국민의힘,기혼,무교,10,매우 자랑스럽다,전혀 자랑스럽지 않다,0,1,Q70|Q72,Q74|Q75
R_29criKFIDTymY2B,여,1963,평안남도,South Pyongan Province,0,0,대학교 (3-4년) 졸업,University (3-4 years),예,예,아니오,2007,2007,신변의 위협을 느껴서,서울,학교를 다시 다니지 않았다,아니오,아니오,다소 진보적,국민의힘,이혼,기독교,8,매우 자랑스럽다,전혀 자랑스럽지 않다,4,4,Q71|Q72,Q73|Q75
R_3CQlVt1AAcR6Zsh,여,1967,함경남도,South Hamgyong Province,0,0,고등중학교 고등반(4-6년) 졸업,Upper secondary (4-6 years),예,아니오,아니오,2014,2014,식량이 부족해서,경기도,고등학교,아니오,예,매우 진보적,더불어민주당,동거,기독교,10,매우 자랑스럽다,별로 자랑스럽지 않다,2,3,Q71|Q72,Q73|Q75
R_3saINeeKkxtl2qh,남,1957,평안남도,South Pyongan Province,0,0,고등중학교 중등반(1-3년) 졸업,Lower secondary (1-3 years),아니오,아니오,예,2009,2009,식량이 부족해서,인천,학교를 다시 다니지 않았다,예,,매우 진보적,국민의힘,미혼,기독교,10,매우 자랑스럽다,별로 자랑스럽지 않다,3,3,Q70|Q72,Q73|Q75
R_27VEiqilgbeOdr5,여,1998,량강도,Ryanggang Province,1,0,"전문대학교 (2년) 졸업, 기술고급중학교","2-year technical college, vocational high school",아니오,아니오,아니오,2018,2019,북조선 체제의 감시통제가 싫어서 (자유를 찾아서),경기도,전문대학(기술 학교 포함),아니오,아니오,잘 모르겠다,국민의힘,기혼,기독교,2,매우 자랑스럽다,매우 자랑스럽다,3,3,Q70|Q72,Q74|Q75
R_3PoWcKpD3a7L0lJ,남,1981,평안남도,South Pyongan Province,0,0,고등중학교 중등반(1-3년) 졸업,Lower secondary (1-3 years),아니오,아니오,아니오,2014,2015,돈을 더 많이 벌고 싶어서,인천,학교를 다시 다니지 않았다,아니오,아니오,다소 진보적,잘 모르겠다,기혼,무교,,어느 정도 자랑스럽다,별로 자랑스럽지 않다,1,1,Q71|Q72,Q74|Q75
R_21FnSTKU3Fwntlb,여,1976,함경북도,North Hamgyong Province,1,0,대학교 (3-4년) 졸업,University (3-4 years),아니오,아니오,아니오,2010,2010,가족 (자녀 등)에게 더 나은 생활환경을 주려고,인천,대학원 이상,예,,다소 보수적,국민의힘,기혼,기독교,10,매우 자랑스럽다,별로 자랑스럽지 않다,3,4,Q71|Q72,Q73|Q75
R_27CmpLJvF4cZ4Sg,여,1982,함경북도,North Hamgyong Province,1,0,고등중학교 고등반(4-6년) 졸업,Upper secondary (4-6 years),아니오,아니오,아니오,2013,2013,가족 (자녀 등)에게 더 나은 생활환경을 주려고,광주,대학교,아니오,아니오,잘 모르겠다,잘 모르겠다,기혼,무교,,매우 자랑스럽다,별로 자랑스럽지 않다,1,1,Q71|Q72,Q73|Q75
R_2dEoEUjiVbgn7of,여,1971,평양,Pyongyang,0,1,대학교 (3-4년) 졸업,University (3-4 years),아니오,아니오,아니오,2019,2019,먼저 탈북한 사람(가족 제외)이 권유해서,서울,학교를 다시 다니지 않았다,아니오,아니오,다소 보수적,국민의힘,기혼,무교,9,매우 자랑스럽다,전혀 자랑스럽지 않다,3,3,Q71|Q72,Q73|Q75
R_2P5wJI9tIJh9YH0,여,1959,함경남도,South Hamgyong Province,0,0,대학교 (3-4년) 졸업,University (3-4 years),예,예,예,2011,2011,먼저 탈북한 가족을 찾거나 함께 살기 위해,경기도,학교를 다시 다니지 않았다,예,,잘 모르겠다,더불어민주당,기혼,무교,10,매우 자랑스럽다,별로 자랑스럽지 않다,1,1,Q71|Q72,Q74|Q75
R_enEsekD4fVwapUZ,남,1955,함경남도,South Hamgyong Province,0,0,고등중학교 고등반(4-6년) 졸업,Upper secondary (4-6 years),예,예,예,2009,2009,먼저 탈북한 가족을 찾거나 함께 살기 위해,경기도,학교를 다시 다니지 않았다,예,,잘 모르겠다,더불어민주당,기혼,무교,10,매우 자랑스럽다,별로 자랑스럽지 않다,1,1,Q70|Q72,Q73|Q75
R_27sy0kjtezbRWAc,여,1952,함경북도,North Hamgyong Province,1,0,대학교 (3-4년) 졸업,University (3-4 years),아니오,아니오,예,1998,2006,가족 (자녀 등)에게 더 나은 생활환경을 주려고,서울,기타(예:서당),예,,다소 진보적,국민의힘,과부,기독교,9,매우 자랑스럽다,전혀 자랑스럽지 않다,1,1,Q71|Q72,Q74|Q75
R_1I4AxuPQxzW0xAk,여,1973,함경북도,North Hamgyong Province,1,0,고등중학교 고등반(4-6년) 졸업,Upper secondary (4-6 years),예,아니오,아니오,2008,2008,북조선 체제의 감시통제가 싫어서 (자유를 찾아서),경기도,대학교,아니오,예,잘 모르겠다,잘 모르겠다,기혼,무교,9,어느 정도 자랑스럽다,전혀 자랑스럽지 않다,0,0,Q70|Q72,Q74|Q75
R_2eXT5nZWRVDXOOQ,여,1960,함경북도,North Hamgyong Province,1,0,고등중학교 고등반(4-6년) 졸업,Upper secondary (4-6 years),예,예,예,2005,2009,돈을 더 많이 벌고 싶어서,서울,학교를 다시 다니지 않았다,예,,다소 보수적,국민의힘,동거,기독교,,어느 정도 자랑스럽다,별로 자랑스럽지 않다,0,0,Q71|Q72,Q74|Q75
R_cO0rNrlpRyZIB45,여,1948,함경북도,North Hamgyong Province,1,0,"전문대학교 (2년) 졸업, 기술고급중학교","2-year technical college, vocational high school",예,예,아니오,2013,2014,가족 (자녀 등)에게 더 나은 생활환경을 주려고,경기도,기타(예:서당),예,,매우 진보적,국민의힘,미혼,기독교,0,매우 자랑스럽다,전혀 자랑스럽지 않다,0,0,Q71|Q72,Q74|Q75
R_3eens3XIQqb6JD7,여,1990,함경북도,North Hamgyong Province,1,0,고등중학교 중등반(1-3년) 졸업,Lower secondary (1-3 years),아니오,아니오,아니오,2008,2009,북조선 체제의 감시통제가 싫어서 (자유를 찾아서),경기도,대학교,아니오,아니오,잘 모르겠다,잘 모르겠다,미혼,무교,5,어느 정도 자랑스럽다,별로 자랑스럽지 않다,3,2,Q70|Q72,Q73|Q75
R_3HoGDewYXrlhDdf,여,1973,량강도,Ryanggang Province,1,0,"전문대학교 (2년) 졸업, 기술고급중학교","2-year technical college, vocational high school",예,예,아니오,2018,2019,먼저 탈북한 가족을 찾거나 함께 살기 위해,경기도,전문대학(기술 학교 포함),아니오,아니오,매우 진보적,국민의힘,이혼,기독교,10,매우 자랑스럽다,어느 정도 자랑스럽다,3,1,Q70|Q72,Q74|Q75
R_Pwd5f3sIFSVoYdr,여,1992,함경남도,South Hamgyong Province,0,0,고등중학교 고등반(4-6년) 졸업,Upper secondary (4-6 years),아니오,아니오,아니오,2020,2021,식량이 부족해서,서울,학교를 다시 다니지 않았다,아니오,아니오,다소 보수적,더불어민주당,미혼,무교,,어느 정도 자랑스럽다,별로 자랑스럽지 않다,0,2,Q71|Q72,Q73|Q75
R_1CqI4BbjTAJy52Y,여,1985,평안남도,South Pyongan Province,0,0,대학교 (3-4년) 졸업,University (3-4 years),아니오,아니오,아니오,2018,2020,북조선 체제의 감시통제가 싫어서 (자유를 찾아서),서울,학교를 다시 다니지 않았다,아니오,아니오,다소 진보적,더불어민주당,기혼,무교,10,매우 자랑스럽다,별로 자랑스럽지 않다,1,1,Q70|Q72,Q74|Q75
R_32LwZdps7jj6s8V,여,1946,량강도,Ryanggang Province,1,0,"전문대학교 (2년) 졸업, 기술고급중학교","2-year technical college, vocational high school",아니오,예,아니오,2013,2014,북조선에 함께 있던 가족을 따라서,경기도,학교를 다시 다니지 않았다,아니오,예,다소 보수적,국민의힘,기혼,기독교,6,어느 정도 자랑스럽다,별로 자랑스럽지 않다,1,2,Q70|Q72,Q73|Q75
R_3MyWpSHD7kFLB29,여,1982,평안북도,North Pyongan Province,1,0,고등중학교 고등반(4-6년) 졸업,Upper secondary (4-6 years),아니오,아니오,아니오,2013,2014,북조선 체제의 감시통제가 싫어서 (자유를 찾아서),울산,대학교,아니오,아니오,잘 모르겠다,잘 모르겠다,미혼,기독교,9,매우 자랑스럽다,전혀 자랑스럽지 않다,0,1,Q71|Q72,Q74|Q75
R_1F5L95XzXv4tjpW,남,1972,함경북도,North Hamgyong Province,1,0,고등중학교 고등반(4-6년) 졸업,Upper secondary (4-6 years),아니오,아니오,아니오,2010,2010,가족 (자녀 등)에게 더 나은 생활환경을 주려고,인천,학교를 다시 다니지 않았다,아니오,아니오,다소 보수적,국민의힘,기혼,무교,10,매우 자랑스럽다,전혀 자랑스럽지 않다,0,3,Q71|Q72,Q73|Q75
R_2AYiqSBiazyWZHj,여,1979,함경북도,North Hamgyong Province,1,0,고등중학교 고등반(4-6년) 졸업,Upper secondary (4-6 years),예,아니오,아니오,2006,2006,신변의 위협을 느껴서,서울,학교를 다시 다니지 않았다,아니오,아니오,다소 보수적,국민의힘,기혼,무교,10,매우 자랑스럽다,어느 정도 자랑스럽다,0,3,Q70|Q72,Q73|Q75
R_2zBko1EhYlphyqB,남,1994,평안남도,South Pyongan Province,0,0,"전문대학교 (2년) 졸업, 기술고급중학교","2-year technical college, vocational high school",아니오,아니오,아니오,2020,2020,먼저 탈북한 가족을 찾거나 함께 살기 위해,세종,학교를 다시 다니지 않았다,아니오,아니오,중도적,정의당,미혼,무교,,어느 정도 자랑스럽다,어느 정도 자랑스럽다,1,1,Q71|Q72,Q73|Q75
R_2w1vG7ONKnHXTyY,남,1989,함경북도,North Hamgyong Province,1,0,대학교 (3-4년) 졸업,University (3-4 years),예,아니오,아니오,2017,2019,북조선에 함께 있던 가족을 따라서,부산,학교를 다시 다니지 않았다,아니오,아니오,매우 보수적,국민의힘,이혼,불교,9,매우 자랑스럽다,전혀 자랑스럽지 않다,1,2,Q70|Q72,Q74|Q75
R_1OAXj3gYoKEn2O7,여,1990,함경북도,North Hamgyong Province,1,0,고등중학교 고등반(4-6년) 졸업,Upper secondary (4-6 years),아니오,아니오,아니오,2019,2021,돈을 더 많이 벌고 싶어서,서울,학교를 다시 다니지 않았다,아니오,아니오,다소 진보적,더불어민주당,미혼,무교,8,매우 자랑스럽다,별로 자랑스럽지 않다,0,1,Q70|Q72,Q74|Q75
R_3HulFx4cVjlIvVG,남,1973,량강도,Ryanggang Province,1,0,고등중학교 중등반(1-3년) 졸업,Lower secondary (1-3 years),예,아니오,예,2014,2014,가족 (자녀 등)에게 더 나은 생활환경을 주려고,서울,중학교,예,,매우 보수적,국민의힘,기혼,기독교,10,매우 자랑스럽다,별로 자랑스럽지 않다,1,2,Q71|Q72,Q73|Q75
R_1OKd4sTzqKLGMCl,남,1992,황해북도,North Hwanghae Province,0,0,"전문대학교 (2년) 졸업, 기술고급중학교","2-year technical college, vocational high school",아니오,아니오,아니오,2018,2019,북조선 체제의 감시통제가 싫어서 (자유를 찾아서),대전,학교를 다시 다니지 않았다,아니오,아니오,잘 모르겠다,잘 모르겠다,미혼,무교,10,매우 자랑스럽다,전혀 자랑스럽지 않다,0,1,Q70|Q72,Q73|Q75
R_3fBjxRFnZuCK6Ls,남,1980,함경북도,North Hamgyong Province,1,0,고등중학교 고등반(4-6년) 졸업,Upper secondary (4-6 years),아니오,아니오,아니오,2005,2008,돈을 더 많이 벌고 싶어서,충남,학교를 다시 다니지 않았다,아니오,아니오,중도적,잘 모르겠다,미혼,무교,8,어느 정도 자랑스럽다,별로 자랑스럽지 않다,1,2,Q70|Q72,Q73|Q75
R_sMqQwASqnv7dDcl,여,1990,평양,Pyongyang,0,1,고등중학교 고등반(4-6년) 졸업,Upper secondary (4-6 years),아니오,아니오,아니오,2010,2010,북조선 체제의 감시통제가 싫어서 (자유를 찾아서),경기도,고등학교,예,,잘 모르겠다,잘 모르겠다,기혼,무교,6,,,1,1,Q70|Q72,Q73|Q75
R_1AjBFijc4IRJGa5,남,1987,황해남도,South Hwanghae Province,0,0,대학교 (3-4년) 졸업,University (3-4 years),아니오,아니오,아니오,2017,2020,식량이 부족해서,광주,학교를 다시 다니지 않았다,아니오,아니오,다소 보수적,국민의힘,기혼,무교,10,매우 자랑스럽다,전혀 자랑스럽지 않다,0,2,Q70|Q72,Q73|Q75
R_10Mg3d7UcVB7Xfg,남,1991,평양,Pyongyang,0,1,고등중학교 고등반(4-6년) 졸업,Upper secondary (4-6 years),아니오,아니오,아니오,2011,2011,돈을 더 많이 벌고 싶어서,경기도,중학교,아니오,아니오,중도적,잘 모르겠다,미혼,기독교,6,어느 정도 자랑스럽다,매우 자랑스럽다,1,1,Q70|Q72,Q74|Q75
R_3P4yE2POVI1Y8Ig,여,1972,함경북도,North Hamgyong Province,1,0,고등중학교 고등반(4-6년) 졸업,Upper secondary (4-6 years),아니오,아니오,아니오,2013,2016,가족 (자녀 등)에게 더 나은 생활환경을 주려고,경기도,학교를 다시 다니지 않았다,아니오,아니오,다소 진보적,더불어민주당,기혼,불교,9,매우 자랑스럽다,별로 자랑스럽지 않다,1,2,Q70|Q72,Q73|Q75
R_bwGroqOgDPnHpQd,남,1992,황해남도,South Hwanghae Province,0,0,고등중학교 고등반(4-6년) 졸업,Upper secondary (4-6 years),아니오,아니오,아니오,2018,2018,먼저 탈북한 가족을 찾거나 함께 살기 위해,경기도,전문대학(기술 학교 포함),아니오,아니오,잘 모르겠다,잘 모르겠다,미혼,무교,9,매우 자랑스럽다,별로 자랑스럽지 않다,0,0,Q70|Q72,Q74|Q75
R_WwjFUMYgpnV8brr,여,1968,강원도,Gangwon Province,0,0,"전문대학교 (2년) 졸업, 기술고급중학교","2-year technical college, vocational high school",아니오,아니오,아니오,2004,2000,북조선 체제의 감시통제가 싫어서 (자유를 찾아서),서울,학교를 다시 다니지 않았다,예,,다소 보수적,더불어민주당,과부,불교,6,어느 정도 자랑스럽다,전혀 자랑스럽지 않다,2,2,Q71|Q72,Q74|Q75
R_2rURPiUiBVMKoCV,남,1947,량강도,Ryanggang Province,1,0,고등중학교 중등반(1-3년) 졸업,Lower secondary (1-3 years),아니오,아니오,아니오,2013,2013,가족 (자녀 등)에게 더 나은 생활환경을 주려고,서울,학교를 다시 다니지 않았다,예,,다소 보수적,국민의힘,기혼,기독교,10,매우 자랑스럽다,별로 자랑스럽지 않다,0,2,Q70|Q72,Q74|Q75
R_3NPQaO7PMGIWejo,남,1986,평안북도,North Pyongan Province,1,0,대학교 (3-4년) 졸업,University (3-4 years),예,아니오,아니오,2015,2017,북조선 체제의 감시통제가 싫어서 (자유를 찾아서),서울,학교를 다시 다니지 않았다,아니오,아니오,다소 진보적,더불어민주당,기혼,무교,9,매우 자랑스럽다,별로 자랑스럽지 않다,0,2,Q71|Q72,Q73|Q75
R_27fiWKemCMPwLvI,여,1990,황해남도,South Hwanghae Province,0,0,대학교 (3-4년) 졸업,University (3-4 years),아니오,아니오,아니오,2017,2019,북조선에 함께 있던 가족을 따라서,인천,학교를 다시 다니지 않았다,아니오,예,다소 진보적,더불어민주당,기혼,무교,8,어느 정도 자랑스럽다,별로 자랑스럽지 않다,1,1,Q70|Q72,Q74|Q75
R_24JbihaCW5UgUqD,남,1964,함경북도,North Hamgyong Province,1,0,고등중학교 중등반(1-3년) 졸업,Lower secondary (1-3 years),예,아니오,예,2011,2011,돈을 더 많이 벌고 싶어서,서울,학교를 다시 다니지 않았다,아니오,아니오,다소 보수적,국민의힘,기혼,무교,6,매우 자랑스럽다,전혀 자랑스럽지 않다,2,2,Q70|Q72,Q73|Q75
R_22oc8WJNCtDLGdl,여,1990,황해남도,South Hwanghae Province,0,0,고등중학교 고등반(4-6년) 졸업,Upper secondary (4-6 years),아니오,아니오,아니오,2015,2016,돈을 더 많이 벌고 싶어서,서울,학교를 다시 다니지 않았다,아니오,아니오,다소 진보적,더불어민주당,미혼,무교,7,어느 정도 자랑스럽다,별로 자랑스럽지 않다,1,2,Q70|Q72,Q73|Q75
R_xhJXrjF5Llf6HyV,여,1970,함경북도,North Hamgyong Province,1,0,고등중학교 고등반(4-6년) 졸업,Upper secondary (4-6 years),예,예,아니오,1997,2007,식량이 부족해서,인천,학교를 다시 다니지 않았다,아니오,예,매우 진보적,더불어민주당,이혼,무교,10,매우 자랑스럽다,매우 자랑스럽다,2,2,Q71|Q72,Q73|Q75
R_11ZsvOZmErnjDTM,여,1988,평안남도,South Pyongan Province,0,0,고등중학교 중등반(1-3년) 졸업,Lower secondary (1-3 years),아니오,아니오,아니오,2014,2015,가족 (자녀 등)에게 더 나은 생활환경을 주려고,인천,전문대학(기술 학교 포함),아니오,아니오,중도적,잘 모르겠다,미혼,기독교,8,매우 자랑스럽다,별로 자랑스럽지 않다,0,1,Q71|Q72,Q74|Q75
R_1eRDqwH1mEXgUxl,여,1980,황해북도,North Hwanghae Province,0,0,고등중학교 중등반(1-3년) 졸업,Lower secondary (1-3 years),아니오,아니오,아니오,2008,2010,돈을 더 많이 벌고 싶어서,부산,전문대학(기술 학교 포함),아니오,아니오,다소 보수적,잘 모르겠다,기혼,불교,8,어느 정도 자랑스럽다,전혀 자랑스럽지 않다,2,2,Q70|Q72,Q73|Q75
R_bvjKKXTkDNnMD9D,여,1981,평양,Pyongyang,0,1,고등중학교 고등반(4-6년) 졸업,Upper secondary (4-6 years),예,아니오,아니오,2010,2010,북조선 체제의 감시통제가 싫어서 (자유를 찾아서),서울,대학교,아니오,아니오,매우 진보적,더불어민주당,기혼,무교,9,매우 자랑스럽다,전혀 자랑스럽지 않다,0,1,Q70|Q72,Q73|Q75
R_zdIbpoXlgoJAccV,여,1988,함경북도,North Hamgyong Province,1,0,고등중학교 중등반(1-3년) 졸업,Lower secondary (1-3 years),아니오,아니오,아니오,2018,2018,가족 (자녀 등)에게 더 나은 생활환경을 주려고,경기도,전문대학(기술 학교 포함),아니오,예,중도적,잘 모르겠다,미혼,무교,7,어느 정도 자랑스럽다,별로 자랑스럽지 않다,2,2,Q70|Q72,Q73|Q75
R_2VJCMEKbzFDxO8k,남,1991,황해남도,South Hwanghae Province,0,0,고등중학교 중등반(1-3년) 졸업,Lower secondary (1-3 years),아니오,아니오,아니오,2017,2019,돈을 더 많이 벌고 싶어서,충북,학교를 다시 다니지 않았다,아니오,아니오,다소 보수적,잘 모르겠다,미혼,무교,7,어느 정도 자랑스럽다,별로 자랑스럽지 않다,2,1,Q71|Q72,Q74|Q75
R_2UbYKJKpdrMxZkf,여,1987,함경북도,North Hamgyong Province,1,0,고등중학교 중등반(1-3년) 졸업,Lower secondary (1-3 years),아니오,아니오,아니오,2017,2018,가족 (자녀 등)에게 더 나은 생활환경을 주려고,서울,고등학교,아니오,예,중도적,잘 모르겠다,미혼,무교,7,어느 정도 자랑스럽다,어느 정도 자랑스럽다,2,1,Q71|Q72,Q74|Q75
R_R7SsaSXGgWgOCfn,여,1979,함경북도,North Hamgyong Province,1,0,인민학교 이하,Elementary or below,아니오,아니오,아니오,2006,2009,식량이 부족해서,강원도,학교를 다시 다니지 않았다,아니오,아니오,잘 모르겠다,잘 모르겠다,기혼,불교,9,매우 자랑스럽다,별로 자랑스럽지 않다,2,3,Q70|Q72,Q73|Q75
R_1IDVL2KJrRHb7Mk,남,1965,평안남도,South Pyongan Province,0,0,고등중학교 중등반(1-3년) 졸업,Lower secondary (1-3 years),아니오,아니오,아니오,2003,2003,가족 (자녀 등)에게 더 나은 생활환경을 주려고,대구,전문대학(기술 학교 포함),예,,중도적,잘 모르겠다,기혼,천주교,10,매우 자랑스럽다,전혀 자랑스럽지 않다,1,1,Q70|Q72,Q73|Q75
R_2qa4HrVEd2gwIrX,여,1968,개성,Kaesong,0,0,"전문대학교 (2년) 졸업, 기술고급중학교","2-year technical college, vocational high school",아니오,아니오,아니오,2010,2013,먼저 탈북한 사람(가족 제외)이 권유해서,세종,학교를 다시 다니지 않았다,예,,매우 진보적,잘 모르겠다,기혼,무교,,어느 정도 자랑스럽다,별로 자랑스럽지 않다,0,1,Q70|Q72,Q73|Q75
R_2tA06FQAFWD0Yq3,여,1953,량강도,Ryanggang Province,1,0,고등중학교 고등반(4-6년) 졸업,Upper secondary (4-6 years),아니오,아니오,아니오,2013,2013,북조선에 함께 있던 가족을 따라서,서울,학교를 다시 다니지 않았다,예,,매우 보수적,국민의힘,기혼,기독교,10,매우 자랑스럽다,전혀 자랑스럽지 않다,0,1,Q71|Q72,Q74|Q75
R_1Ckn3lLb8JouuPi,남,1977,평안북도,North Pyongan Province,1,0,고등중학교 고등반(4-6년) 졸업,Upper secondary (4-6 years),예,예,예,2005,2005,신변의 위협을 느껴서,대구,학교를 다시 다니지 않았다,아니오,아니오,다소 보수적,국민의힘,미혼,무교,,어느 정도 자랑스럽다,전혀 자랑스럽지 않다,2,1,Q71|Q72,Q74|Q75
R_233HaI1c8eLTQI1,여,1973,함경남도,South Hamgyong Province,0,0,고등중학교 중등반(1-3년) 졸업,Lower secondary (1-3 years),아니오,아니오,아니오,2007,2007,가족 (자녀 등)에게 더 나은 생활환경을 주려고,서울,전문대학(기술 학교 포함),아니오,아니오,중도적,국민의힘,미혼,기독교,,어느 정도 자랑스럽다,별로 자랑스럽지 않다,2,3,Q71|Q72,Q73|Q75
R_1mVG8pPm4g9p8lk,여,1971,함경남도,South Hamgyong Province,0,0,고등중학교 고등반(4-6년) 졸업,Upper secondary (4-6 years),아니오,예,아니오,2005,2006,먼저 탈북한 가족을 찾거나 함께 살기 위해,서울,대학원 이상,아니오,아니오,잘 모르겠다,잘 모르겠다,이혼,기독교,,매우 자랑스럽다,별로 자랑스럽지 않다,2,2,Q70|Q72,Q73|Q75
R_2RX40VZeowFkmc3,여,1972,함경북도,North Hamgyong Province,1,0,고등중학교 고등반(4-6년) 졸업,Upper secondary (4-6 years),예,아니오,아니오,1997,2005,식량이 부족해서,인천,학교를 다시 다니지 않았다,예,,잘 모르겠다,잘 모르겠다,이혼,무교,10,매우 자랑스럽다,전혀 자랑스럽지 않다,2,1,Q70|Q72,Q74|Q75
R_2xLTmJvOLQ4Ulph,여,1990,량강도,Ryanggang Province,1,0,인민학교 이하,Elementary or below,아니오,아니오,아니오,2015,2013,가족 (자녀 등)에게 더 나은 생활환경을 주려고,경기도,학교를 다시 다니지 않았다,아니오,아니오,잘 모르겠다,잘 모르겠다,이혼,무교,,매우 자랑스럽다,전혀 자랑스럽지 않다,1,2,Q71|Q72,Q74|Q75
R_BMn4ufD6XBYg1O1,남,1962,함경북도,North Hamgyong Province,1,0,"전문대학교 (2년) 졸업, 기술고급중학교","2-year technical college, vocational high school",예,예,아니오,1998,2005,신변의 위협을 느껴서,서울,학교를 다시 다니지 않았다,아니오,예,매우 보수적,국민의힘,동거,기독교,10,매우 자랑스럽다,별로 자랑스럽지 않다,1,3,Q71|Q72,Q73|Q75
R_3VHpixM80VdTb9L,남,1946,함경북도,North Hamgyong Province,1,0,"전문대학교 (2년) 졸업, 기술고급중학교","2-year technical college, vocational high school",예,아니오,예,2007,2006,북조선 체제의 감시통제가 싫어서 (자유를 찾아서),서울,전문대학(기술 학교 포함),예,,매우 보수적,국민의힘,기혼,기독교,9,매우 자랑스럽다,전혀 자랑스럽지 않다,1,3,Q70|Q72,Q74|Q75
R_vPixDukTEx1R0Ih,여,1952,함경북도,North Hamgyong Province,1,0,대학교 (3-4년) 졸업,University (3-4 years),아니오,아니오,예,1998,2006,가족 (자녀 등)에게 더 나은 생활환경을 주려고,서울,학교를 다시 다니지 않았다,예,,다소 보수적,국민의힘,과부,기독교,9,매우 자랑스럽다,전혀 자랑스럽지 않다,1,3,Q70|Q72,Q73|Q75
R_3kiEt6wnw2mu57g,남,1966,함경북도,North Hamgyong Province,1,0,대학교 (3-4년) 졸업,University (3-4 years),아니오,아니오,아니오,2008,2008,신변의 위협을 느껴서,인천,대학교,아니오,아니오,매우 보수적,국민의힘,기혼,기독교,,매우 자랑스럽다,전혀 자랑스럽지 않다,1,1,Q70|Q72,Q73|Q75
R_BQbGUmO6obP6Wch,여,1955,함경북도,North Hamgyong Province,1,0,"전문대학교 (2년) 졸업, 기술고급중학교","2-year technical college, vocational high school",예,예,아니오,1999,2005,북조선 체제의 감시통제가 싫어서 (자유를 찾아서),서울,전문대학(기술 학교 포함),예,,매우 보수적,국민의힘,과부,기독교,10,매우 자랑스럽다,별로 자랑스럽지 않다,2,1,Q70|Q72,Q73|Q75
R_1QbB1AeTHPrjaWE,여,1957,함경북도,North Hamgyong Province,1,0,고등중학교 고등반(4-6년) 졸업,Upper secondary (4-6 years),아니오,아니오,아니오,2004,2004,가족 (자녀 등)에게 더 나은 생활환경을 주려고,서울,학교를 다시 다니지 않았다,예,,다소 보수적,국민의힘,과부,기독교,10,매우 자랑스럽다,전혀 자랑스럽지 않다,2,1,Q70|Q72,Q74|Q75
R_ZqSf64aAQBASaml,남,1971,함경남도,South Hamgyong Province,0,0,고등중학교 고등반(4-6년) 졸업,Upper secondary (4-6 years),예,아니오,아니오,2011,2012,돈을 더 많이 벌고 싶어서,광주,학교를 다시 다니지 않았다,아니오,아니오,잘 모르겠다,국민의힘,기혼,무교,6,어느 정도 자랑스럽다,별로 자랑스럽지 않다,2,3,Q70|Q72,Q73|Q75
R_2frMCqHIUYpa11o,여,1976,량강도,Ryanggang Province,1,0,"전문대학교 (2년) 졸업, 기술고급중학교","2-year technical college, vocational high school",예,아니오,아니오,2018,2018,가족 (자녀 등)에게 더 나은 생활환경을 주려고,경기도,대학교,아니오,아니오,중도적,잘 모르겠다,과부,기독교,9,매우 자랑스럽다,전혀 자랑스럽지 않다,0,2,Q71|Q72,Q74|Q75
R_3O9qHPfX8b5LSao,여,1967,함경북도,North Hamgyong Province,1,0,고등중학교 고등반(4-6년) 졸업,Upper secondary (4-6 years),예,예,아니오,1999,2014,신변의 위협을 느껴서,서울,대학교,아니오,아니오,다소 보수적,국민의힘,과부,기독교,,매우 자랑스럽다,어느 정도 자랑스럽다,1,3,Q70|Q72,Q73|Q75
R_1QxtZq139SHK00s,여,1959,함경북도,North Hamgyong Province,1,0,고등중학교 고등반(4-6년) 졸업,Upper secondary (4-6 years),아니오,아니오,아니오,2001,2009,가족 (자녀 등)에게 더 나은 생활환경을 주려고,경기도,학교를 다시 다니지 않았다,예,,매우 보수적,잘 모르겠다,과부,무교,10,매우 자랑스럽다,별로 자랑스럽지 않다,2,2,Q71|Q72,Q74|Q75
R_ZsGMFmhDVKxw0Lf,여,1970,량강도,Ryanggang Province,1,0,대학교 (3-4년) 졸업,University (3-4 years),예,아니오,아니오,2013,2014,신변의 위협을 느껴서,서울,대학교,아니오,아니오,다소 진보적,국민의힘,기혼,기독교,10,매우 자랑스럽다,별로 자랑스럽지 않다,0,1,Q71|Q72,Q74|Q75
R_qyiLvau3CNdB281,여,1963,함경북도,North Hamgyong Province,1,0,"전문대학교 (2년) 졸업, 기술고급중학교","2-year technical college, vocational high school",예,아니오,예,2004,2008,식량이 부족해서,서울,학교를 다시 다니지 않았다,예,,다소 보수적,국민의힘,동거,기독교,9,어느 정도 자랑스럽다,전혀 자랑스럽지 않다,0,1,Q70|Q72,Q73|Q75
R_p5z0v4qZMeTXDiN,남,1982,평안북도,North Pyongan Province,1,0,고등중학교 고등반(4-6년) 졸업,Upper secondary (4-6 years),예,아니오,예,2012,2012,돈을 더 많이 벌고 싶어서,서울,학교를 다시 다니지 않았다,아니오,아니오,잘 모르겠다,잘 모르겠다,미혼,기독교,,어느 정도 자랑스럽다,전혀 자랑스럽지 않다,2,2,Q70|Q72,Q74|Q75
R_voyfXirkOYI5Qpb,여,1965,평안남도,South Pyongan Province,0,0,"전문대학교 (2년) 졸업, 기술고급중학교","2-year technical college, vocational high school",예,예,예,2014,2014,먼저 탈북한 가족을 찾거나 함께 살기 위해,서울,학교를 다시 다니지 않았다,예,,다소 보수적,국민의힘,과부,기독교,10,매우 자랑스럽다,전혀 자랑스럽지 않다,1,3,Q71|Q72,Q73|Q75
R_poVW0QGfNgMeurL,여,1958,함경북도,North Hamgyong Province,1,0,고등중학교 고등반(4-6년) 졸업,Upper secondary (4-6 years),아니오,아니오,아니오,2012,2012,기타,경기도,고등학교,아니오,아니오,중도적,국민의힘,,,,매우 자랑스럽다,별로 자랑스럽지 않다,,,Q71|Q72,
R_3qjn011m8GEepq1,여,1984,함경북도,North Hamgyong Province,1,0,고등중학교 중등반(1-3년) 졸업,Lower secondary (1-3 years),아니오,아니오,아니오,2018,2018,가족 (자녀 등)에게 더 나은 생활환경을 주려고,경기도,고등학교,아니오,예,잘 모르겠다,잘 모르겠다,미혼,무교,7,어느 정도 자랑스럽다,별로 자랑스럽지 않다,2,2,Q70|Q72,Q74|Q75
R_2CVZNuiDXca1Tnr,여,1988,함경북도,North Hamgyong Province,1,0,고등중학교 고등반(4-6년) 졸업,Upper secondary (4-6 years),아니오,아니오,아니오,2018,2018,가족 (자녀 등)에게 더 나은 생활환경을 주려고,서울,고등학교,아니오,예,다소 보수적,잘 모르겠다,미혼,무교,7,어느 정도 자랑스럽다,전혀 자랑스럽지 않다,2,0,Q71|Q72,Q74|Q75
R_1NFbig6uONRSFhL,여,1942,함경북도,North Hamgyong Province,1,0,고등중학교 고등반(4-6년) 졸업,Upper secondary (4-6 years),예,아니오,아니오,1995,2015,가족 (자녀 등)에게 더 나은 생활환경을 주려고,서울,학교를 다시 다니지 않았다,예,,매우 보수적,국민의힘,과부,기독교,9,매우 자랑스럽다,전혀 자랑스럽지 않다,1,2,Q70|Q72,Q74|Q75
R_3DbTowD02BborPp,여,1974,함경남도,South Hamgyong Province,0,0,"전문대학교 (2년) 졸업, 기술고급중학교","2-year technical college, vocational high school",예,아니오,아니오,2005,2016,기타,서울,전문대학(기술 학교 포함),아니오,예,중도적,국민의힘,미혼,기독교,0,별로 자랑스럽지 않다,매우 자랑스럽다,0,0,Q71|Q72,Q73|Q75
R_1IvhaXg4Y1B3Pto,여,1963,량강도,Ryanggang Province,1,0,대학교 (3-4년) 졸업,University (3-4 years),예,아니오,아니오,2010,2011,식량이 부족해서,경기도,기타(예:서당),예,,잘 모르겠다,더불어민주당,기혼,무교,10,매우 자랑스럽다,어느 정도 자랑스럽다,1,3,Q71|Q72,Q73|Q75
R_x4Vo2p8bIoLfNbr,여,1946,평양,Pyongyang,0,1,"전문대학교 (2년) 졸업, 기술고급중학교","2-year technical college, vocational high school",아니오,아니오,예,2005,2005,북조선 체제의 감시통제가 싫어서 (자유를 찾아서),경기도,학교를 다시 다니지 않았다,예,,다소 보수적,국민의힘,,,10,어느 정도 자랑스럽다,전혀 자랑스럽지 않다,2,3,Q71|Q72,Q73|Q75
R_3KxBffTabHrZwXN,여,1965,함경북도,North Hamgyong Province,1,0,고등중학교 고등반(4-6년) 졸업,Upper secondary (4-6 years),예,아니오,아니오,1999,2005,식량이 부족해서,서울,대학원 이상,아니오,아니오,매우 진보적,국민의힘,과부,기독교,10,매우 자랑스럽다,,1,2,Q70|Q72,Q73|Q75
R_1I6EbvikxfyPyQa,여,1941,개성,Kaesong,0,0,대학교 (3-4년) 졸업,University (3-4 years),아니오,아니오,아니오,1959,1998,북조선에 함께 있던 가족을 따라서,전남,기타(예:서당),아니오,예,중도적,잘 모르겠다,,,2,어느 정도 자랑스럽다,별로 자랑스럽지 않다,0,1,Q71|Q72,Q73|Q75
R_22uku1mdFgs7vmI,여,1977,함경북도,North Hamgyong Province,1,0,고등중학교 고등반(4-6년) 졸업,Upper secondary (4-6 years),예,아니오,아니오,2003,2008,신변의 위협을 느껴서,서울,전문대학(기술 학교 포함),아니오,아니오,중도적,잘 모르겠다,이혼,기독교,7,어느 정도 자랑스럽다,별로 자랑스럽지 않다,3,2,Q70|Q72,Q74|Q75
R_UoTK7AB9aAh5cNb,여,1938,함경북도,North Hamgyong Province,1,0,"전문대학교 (2년) 졸업, 기술고급중학교","2-year technical college, vocational high school",아니오,아니오,예,2005,2006,식량이 부족해서,서울,전문대학(기술 학교 포함),아니오,예,잘 모르겠다,국민의힘,,,10,매우 자랑스럽다,전혀 자랑스럽지 않다,,,Q71|Q72,
R_2zMAEreOG9mjRh0,여,1956,강원도,Gangwon Province,0,0,고등중학교 중등반(1-3년) 졸업,Lower secondary (1-3 years),예,아니오,아니오,2003,2023,먼저 탈북한 사람(가족 제외)이 권유해서,인천,기타(예:서당),아니오,아니오,중도적,국민의힘,,,10,어느 정도 자랑스럽다,전혀 자랑스럽지 않다,,,Q71|Q72,
R_ZBOetVndNXxYm2t,여,1954,평안남도,South Pyongan Province,0,0,고등중학교 고등반(4-6년) 졸업,Upper secondary (4-6 years),아니오,아니오,예,2000,2005,가족 (자녀 등)에게 더 나은 생활환경을 주려고,서울,학교를 다시 다니지 않았다,예,,매우 보수적,국민의힘,,,10,매우 자랑스럽다,전혀 자랑스럽지 않다,,,Q71|Q72,
R_2VsSwkBDE88G2Lp,여,1969,함경북도,North Hamgyong Province,1,0,고등중학교 고등반(4-6년) 졸업,Upper secondary (4-6 years),예,예,예,2015,2015,먼저 탈북한 가족을 찾거나 함께 살기 위해,인천,고등학교,예,,중도적,더불어민주당,기혼,무교,8,어느 정도 자랑스럽다,별로 자랑스럽지 않다,2,1,Q71|Q72,Q74|Q75
R_9XgKHZMEm5dJRCN,여,1941,라진-선봉,Rason,1,0,대학교 (3-4년) 졸업,University (3-4 years),아니오,아니오,아니오,1957,1955,북조선 체제의 감시통제가 싫어서 (자유를 찾아서),경북,초등학교 이하,아니오,예,잘 모르겠다,잘 모르겠다,,,2,어느 정도 자랑스럽다,어느 정도 자랑스럽다,1,2,Q70|Q72,Q74|Q75
R_3qPcFneToL5QIkp,여,1978,함경북도,North Hamgyong Province,1,0,고등중학교 고등반(4-6년) 졸업,Upper secondary (4-6 years),아니오,아니오,아니오,1998,2016,식량이 부족해서,서울,전문대학(기술 학교 포함),아니오,예,중도적,잘 모르겠다,과부,기독교,7,어느 정도 자랑스럽다,별로 자랑스럽지 않다,1,1,Q71|Q72,Q73|Q75
R_2XomMs0GmRKBy42,여,1960,함경북도,North Hamgyong Province,1,0,고등중학교 고등반(4-6년) 졸업,Upper secondary (4-6 years),아니오,아니오,아니오,2009,2009,북조선 체제의 감시통제가 싫어서 (자유를 찾아서),충북,기타(예:서당),예,,잘 모르겠다,국민의힘,,,10,어느 정도 자랑스럽다,어느 정도 자랑스럽다,,,Q71|Q72,
R_2q9o179uVh9CGoy,여,1959,량강도,Ryanggang Province,1,0,"전문대학교 (2년) 졸업, 기술고급중학교","2-year technical college, vocational high school",예,아니오,아니오,2018,2018,북조선 체제의 감시통제가 싫어서 (자유를 찾아서),서울,학교를 다시 다니지 않았다,아니오,아니오,중도적,국민의힘,,,10,매우 자랑스럽다,별로 자랑스럽지 않다,,,Q71|Q72,
R_3kvalSxBS1IEnh7,여,1946,함경남도,South Hamgyong Province,0,0,"전문대학교 (2년) 졸업, 기술고급중학교","2-year technical college, vocational high school",아니오,아니오,아니오,2005,2005,북조선 체제의 감시통제가 싫어서 (자유를 찾아서),경기도,학교를 다시 다니지 않았다,예,,다소 보수적,국민의힘,,,9,매우 자랑스럽다,전혀 자랑스럽지 않다,1,,Q70|Q72,Q74|Q75
R_1l5XlM6Qz5GmDGO,여,1958,함경북도,North Hamgyong Province,1,0,고등중학교 고등반(4-6년) 졸업,Upper secondary (4-6 years),아니오,아니오,아니오,2008,2012,돈을 더 많이 벌고 싶어서,경기도,학교를 다시 다니지 않았다,예,,매우 보수적,국민의힘,,,9,매우 자랑스럽다,전혀 자랑스럽지 않다,,,Q70|Q72,
R_Tqsswe0KtuKKs8N,남,1994,함경북도,North Hamgyong Province,1,0,고등중학교 고등반(4-6년) 졸업,Upper secondary (4-6 years),아니오,아니오,아니오,2019,2020,북조선 체제의 감시통제가 싫어서 (자유를 찾아서),인천,학교를 다시 다니지 않았다,아니오,아니오,잘 모르겠다,국민의힘,,,5,매우 자랑스럽다,별로 자랑스럽지 않다,3,3,Q71|Q72,Q74|Q75
R_31MMljetUUTky1G,여,1957,함경북도,North Hamgyong Province,1,0,고등중학교 고등반(4-6년) 졸업,Upper secondary (4-6 years),아니오,아니오,아니오,2003,2004,식량이 부족해서,서울,고등학교,예,,중도적,국민의힘,이혼,기독교,10,매우 자랑스럽다,별로 자랑스럽지 않다,1,2,Q71|Q72,Q73|Q75
R_1Qa5Bjys6N6Nu2R,여,1970,함경북도,North Hamgyong Province,1,0,대학교 (3-4년) 졸업,University (3-4 years),예,아니오,예,2009,2009,가족 (자녀 등)에게 더 나은 생활환경을 주려고,서울,대학교,아니오,예,다소 진보적,더불어민주당,기혼,무교,3,별로 자랑스럽지 않다,매우 자랑스럽다,2,3,Q71|Q72,Q73|Q75
R_2q1wuQVZhv3tpYQ,여,1992,남포,Nampo,0,0,고등중학교 고등반(4-6년) 졸업,Upper secondary (4-6 years),아니오,아니오,아니오,2018,2019,북조선에 함께 있던 가족을 따라서,경기도,학교를 다시 다니지 않았다,아니오,아니오,중도적,잘 모르겠다,미혼,기독교,6,어느 정도 자랑스럽다,별로 자랑스럽지 않다,2,1,Q71|Q72,Q73|Q75
R_AnGmhN37g1mnNQt,남,1988,평안북도,North Pyongan Province,1,0,고등중학교 고등반(4-6년) 졸업,Upper secondary (4-6 years),아니오,아니오,아니오,2015,2015,북조선에 함께 있던 가족을 따라서,인천,학교를 다시 다니지 않았다,아니오,아니오,잘 모르겠다,잘 모르겠다,미혼,무교,6,어느 정도 자랑스럽다,전혀 자랑스럽지 않다,1,1,Q70|Q72,Q74|Q75
R_1ihqz50nQY0NQR9,여,1950,함경북도,North Hamgyong Province,1,0,고등중학교 중등반(1-3년) 졸업,Lower secondary (1-3 years),예,아니오,아니오,2010,2009,가족 (자녀 등)에게 더 나은 생활환경을 주려고,서울,학교를 다시 다니지 않았다,예,,다소 보수적,국민의힘,과부,기독교,0,매우 자랑스럽다,별로 자랑스럽지 않다,3,3,Q71|Q72,Q73|Q75
R_8HCodXDgdPdBSh3,여,1992,함경북도,North Hamgyong Province,1,0,인민학교 이하,Elementary or below,아니오,아니오,아니오,2007,2011,북조선 체제의 감시통제가 싫어서 (자유를 찾아서),전남,고등학교,아니오,아니오,중도적,더불어민주당,기혼,무교,8,어느 정도 자랑스럽다,전혀 자랑스럽지 않다,0,2,Q71|Q72,Q74|Q75
R_2YQaImvc8ydyw1X,여,1994,함경북도,North Hamgyong Province,1,0,고등중학교 고등반(4-6년) 졸업,Upper secondary (4-6 years),예,예,예,2015,2018,돈을 더 많이 벌고 싶어서,서울,전문대학(기술 학교 포함),아니오,아니오,중도적,더불어민주당,미혼,무교,8,어느 정도 자랑스럽다,별로 자랑스럽지 않다,0,1,Q71|Q72,Q73|Q75
R_3NVaqE7ZqSXTIrg,남,1989,평안남도,South Pyongan Province,0,0,고등중학교 고등반(4-6년) 졸업,Upper secondary (4-6 years),예,예,예,2012,2016,북조선 체제의 감시통제가 싫어서 (자유를 찾아서),인천,대학교,아니오,아니오,중도적,국민의힘,기혼,무교,8,어느 정도 자랑스럽다,별로 자랑스럽지 않다,1,2,Q71|Q72,Q74|Q75
R_10r6ygisLa612lw,남,1985,평안남도,South Pyongan Province,0,0,고등중학교 고등반(4-6년) 졸업,Upper secondary (4-6 years),예,예,아니오,2010,2016,북조선 체제의 감시통제가 싫어서 (자유를 찾아서),인천,대학교,아니오,아니오,중도적,국민의힘,기혼,무교,9,매우 자랑스럽다,어느 정도 자랑스럽다,1,1,Q71|Q72,Q74|Q75
R_2yscagaZXB8WZor,남,1983,자강도,Jagang Province,1,0,고등중학교 고등반(4-6년) 졸업,Upper secondary (4-6 years),아니오,아니오,아니오,2008,2010,가족 (자녀 등)에게 더 나은 생활환경을 주려고,서울,전문대학(기술 학교 포함),예,,중도적,기본소득당,미혼,무교,8,매우 자랑스럽다,별로 자랑스럽지 않다,0,0,Q70|Q72,Q73|Q75
R_1lhGaMQgiufnWub,남,1985,자강도,Jagang Province,1,0,고등중학교 고등반(4-6년) 졸업,Upper secondary (4-6 years),아니오,아니오,아니오,2011,2012,가족 (자녀 등)에게 더 나은 생활환경을 주려고,서울,전문대학(기술 학교 포함),예,,중도적,진보당,미혼,기독교,7,매우 자랑스럽다,별로 자랑스럽지 않다,0,0,Q71|Q72,Q73|Q75
R_2B35z6TeBslGTFx,여,1987,자강도,Jagang Province,1,0,고등중학교 고등반(4-6년) 졸업,Upper secondary (4-6 years),아니오,아니오,아니오,2013,2015,가족 (자녀 등)에게 더 나은 생활환경을 주려고,서울,대학교,예,,중도적,진보당,미혼,기독교,7,매우 자랑스럽다,별로 자랑스럽지 않다,0,0,Q70|Q72,Q73|Q75
R_3MS9vL4QTRclzvz,여,1983,자강도,Jagang Province,1,0,고등중학교 고등반(4-6년) 졸업,Upper secondary (4-6 years),아니오,아니오,아니오,2008,2009,가족 (자녀 등)에게 더 나은 생활환경을 주려고,서울,전문대학(기술 학교 포함),예,,중도적,기본소득당,미혼,기독교,9,매우 자랑스럽다,별로 자랑스럽지 않다,0,0,Q71|Q72,Q73|Q75
R_1rAi9pH7ZMQ5MTs,여,1985,자강도,Jagang Province,1,0,고등중학교 고등반(4-6년) 졸업,Upper secondary (4-6 years),아니오,아니오,아니오,2010,2011,가족 (자녀 등)에게 더 나은 생활환경을 주려고,서울,전문대학(기술 학교 포함),아니오,아니오,다소 보수적,시대전환,미혼,무교,8,매우 자랑스럽다,별로 자랑스럽지 않다,0,0,Q70|Q72,Q73|Q75
R_1MLMjarykijxlK1,여,1987,자강도,Jagang Province,1,0,고등중학교 중등반(1-3년) 졸업,Lower secondary (1-3 years),아니오,아니오,아니오,2012,2013,가족 (자녀 등)에게 더 나은 생활환경을 주려고,서울,전문대학(기술 학교 포함),아니오,아니오,중도적,기본소득당,미혼,무교,8,매우 자랑스럽다,전혀 자랑스럽지 않다,0,0,Q70|Q72,Q74|Q75
R_1doCq1O2rwq9lnF,여,1990,자강도,Jagang Province,1,0,고등중학교 중등반(1-3년) 졸업,Lower secondary (1-3 years),아니오,아니오,아니오,2015,2015,가족 (자녀 등)에게 더 나은 생활환경을 주려고,서울,전문대학(기술 학교 포함),아니오,아니오,잘 모르겠다,잘 모르겠다,미혼,무교,7,매우 자랑스럽다,전혀 자랑스럽지 않다,0,1,Q70|Q72,Q73|Q75
R_xuBHId1WVvP7GPD,여,1991,자강도,Jagang Province,1,0,고등중학교 고등반(4-6년) 졸업,Upper secondary (4-6 years),아니오,아니오,아니오,2016,2016,가족 (자녀 등)에게 더 나은 생활환경을 주려고,서울,학교를 다시 다니지 않았다,아니오,아니오,잘 모르겠다,잘 모르겠다,미혼,무교,8,매우 자랑스럽다,전혀 자랑스럽지 않다,0,0,Q71|Q72,Q73|Q75
R_2wafZMA5yytj4dq,여,1992,자강도,Jagang Province,1,0,고등중학교 고등반(4-6년) 졸업,Upper secondary (4-6 years),아니오,아니오,아니오,2017,2018,가족 (자녀 등)에게 더 나은 생활환경을 주려고,서울,전문대학(기술 학교 포함),아니오,아니오,잘 모르겠다,잘 모르겠다,미혼,무교,8,매우 자랑스럽다,별로 자랑스럽지 않다,0,0,Q71|Q72,Q73|Q75
R_3P2DFhWC6gfBLah,여,1993,자강도,Jagang Province,1,0,고등중학교 고등반(4-6년) 졸업,Upper secondary (4-6 years),아니오,아니오,아니오,2018,2019,가족 (자녀 등)에게 더 나은 생활환경을 주려고,서울,학교를 다시 다니지 않았다,아니오,아니오,잘 모르겠다,잘 모르겠다,미혼,무교,8,매우 자랑스럽다,전혀 자랑스럽지 않다,0,0,Q71|Q72,Q74|Q75
R_272VhMm69cOl9pV,여,1978,함경북도,North Hamgyong Province,1,0,인민학교 이하,Elementary or below,아니오,아니오,아니오,2010,2012,식량이 부족해서,경기도,학교를 다시 다니지 않았다,아니오,아니오,중도적,더불어민주당,기혼,무교,6,어느 정도 자랑스럽다,별로 자랑스럽지 않다,1,1,Q70|Q72,Q74|Q75
R_p6lRGYAUHzjq4rD,남,1986,황해북도,North Hwanghae Province,0,0,인민학교 이하,Elementary or below,아니오,아니오,아니오,2014,2014,식량이 부족해서,인천,학교를 다시 다니지 않았다,아니오,아니오,다소 보수적,잘 모르겠다,미혼,무교,6,어느 정도 자랑스럽다,별로 자랑스럽지 않다,2,2,Q70|Q72,Q74|Q75
R_2qlaw1l2bcjI2cL,여,1984,평양,Pyongyang,0,1,"전문대학교 (2년) 졸업, 기술고급중학교","2-year technical college, vocational high school",예,예,예,2009,2013,북조선 체제의 감시통제가 싫어서 (자유를 찾아서),부산,학교를 다시 다니지 않았다,아니오,아니오,중도적,더불어민주당,기혼,기독교,8,어느 정도 자랑스럽다,어느 정도 자랑스럽다,0,2,Q70|Q72,Q73|Q75
R_2PAlr4s5GWamp3U,남,1988,평안북도,North Pyongan Province,1,0,고등중학교 중등반(1-3년) 졸업,Lower secondary (1-3 years),아니오,아니오,아니오,2007,2007,북조선 체제의 감시통제가 싫어서 (자유를 찾아서),울산,학교를 다시 다니지 않았다,아니오,아니오,다소 보수적,국민의힘,기혼,천주교,,어느 정도 자랑스럽다,별로 자랑스럽지 않다,1,1,Q70|Q72,Q73|Q75
R_3htZ7N184yMwFmc,여,1989,함경북도,North Hamgyong Province,1,0,고등중학교 고등반(4-6년) 졸업,Upper secondary (4-6 years),예,아니오,아니오,2015,2016,신변의 위협을 느껴서,대구,학교를 다시 다니지 않았다,예,,잘 모르겠다,잘 모르겠다,미혼,무교,10,매우 자랑스럽다,전혀 자랑스럽지 않다,3,2,Q70|Q72,Q74|Q75
R_1FeU3mDvia9nhsU,여,1977,강원도,Gangwon Province,0,0,"전문대학교 (2년) 졸업, 기술고급중학교","2-year technical college, vocational high school",아니오,아니오,아니오,2002,2004,가족 (자녀 등)에게 더 나은 생활환경을 주려고,경기도,학교를 다시 다니지 않았다,아니오,아니오,중도적,더불어민주당,기혼,천주교,9,어느 정도 자랑스럽다,별로 자랑스럽지 않다,3,3,Q71|Q72,Q73|Q75
R_3FLldQCDXFWfX3o,여,1986,량강도,Ryanggang Province,1,0,"전문대학교 (2년) 졸업, 기술고급중학교","2-year technical college, vocational high school",예,아니오,아니오,2014,2014,가족 (자녀 등)에게 더 나은 생활환경을 주려고,서울,대학교,아니오,아니오,중도적,잘 모르겠다,이혼,무교,8,별로 자랑스럽지 않다,별로 자랑스럽지 않다,3,1,Q71|Q72,Q74|Q75
R_2SwXdHAtQEXT3Yi,여,1969,함경북도,North Hamgyong Province,1,0,고등중학교 고등반(4-6년) 졸업,Upper secondary (4-6 years),예,예,예,2015,2015,가족 (자녀 등)에게 더 나은 생활환경을 주려고,인천,학교를 다시 다니지 않았다,아니오,아니오,다소 진보적,더불어민주당,기혼,무교,10,별로 자랑스럽지 않다,별로 자랑스럽지 않다,1,1,Q70|Q72,Q74|Q75
R_XMlaMQlj0H05UDT,여,1977,함경북도,North Hamgyong Province,1,0,고등중학교 고등반(4-6년) 졸업,Upper secondary (4-6 years),예,아니오,아니오,2004,2008,북조선 체제의 감시통제가 싫어서 (자유를 찾아서),서울,대학교,아니오,아니오,다소 보수적,잘 모르겠다,이혼,기독교,7,어느 정도 자랑스럽다,별로 자랑스럽지 않다,3,3,Q71|Q72,Q74|Q75
R_ewBnvFApaxTj2UN,여,1956,량강도,Ryanggang Province,1,0,"전문대학교 (2년) 졸업, 기술고급중학교","2-year technical college, vocational high school",아니오,아니오,아니오,2014,2014,가족 (자녀 등)에게 더 나은 생활환경을 주려고,서울,학교를 다시 다니지 않았다,아니오,아니오,다소 보수적,국민의힘,기혼,기독교,10,매우 자랑스럽다,별로 자랑스럽지 않다,0,1,Q70|Q72,Q73|Q75
R_1Cd30Bb6ruaTNHh,남,1954,량강도,Ryanggang Province,1,0,고등중학교 중등반(1-3년) 졸업,Lower secondary (1-3 years),예,예,예,2014,2014,먼저 탈북한 사람(가족 제외)이 권유해서,서울,중학교,예,,매우 보수적,국민의힘,기혼,기독교,10,매우 자랑스럽다,매우 자랑스럽다,1,2,Q70|Q72,Q73|Q75
R_1DAurgEGwxkL16M,여,1959,량강도,Ryanggang Province,1,0,"전문대학교 (2년) 졸업, 기술고급중학교","2-year technical college, vocational high school",아니오,아니오,아니오,2015,2015,신변의 위협을 느껴서,서울,학교를 다시 다니지 않았다,아니오,예,잘 모르겠다,국민의힘,미혼,기독교,10,매우 자랑스럽다,어느 정도 자랑스럽다,2,1,Q71|Q72,Q74|Q75
R_BPODvrERQnUpxQd,여,1949,함경북도,North Hamgyong Province,1,0,"전문대학교 (2년) 졸업, 기술고급중학교","2-year technical college, vocational high school",예,아니오,아니오,2007,2009,먼저 탈북한 가족을 찾거나 함께 살기 위해,서울,학교를 다시 다니지 않았다,예,,매우 진보적,국민의힘,과부,기독교,10,매우 자랑스럽다,전혀 자랑스럽지 않다,1,1,Q70|Q72,Q74|Q75
R_2VQMTIzspEtMTus,남,1982,황해남도,South Hwanghae Province,0,0,고등중학교 중등반(1-3년) 졸업,Lower secondary (1-3 years),예,아니오,아니오,2002,2009,먼저 탈북한 사람(가족 제외)이 권유해서,대전,학교를 다시 다니지 않았다,아니오,예,다소 보수적,진보당,동거,천주교,7,별로 자랑스럽지 않다,별로 자랑스럽지 않다,3,2,Q71|Q72,Q74|Q75
R_SH2lzosoamP7ZMR,여,1956,강원도,Gangwon Province,0,0,고등중학교 고등반(4-6년) 졸업,Upper secondary (4-6 years),예,아니오,아니오,2003,2003,먼저 탈북한 가족을 찾거나 함께 살기 위해,인천,학교를 다시 다니지 않았다,아니오,아니오,잘 모르겠다,더불어민주당,동거,무교,10,매우 자랑스럽다,전혀 자랑스럽지 않다,2,2,Q71|Q72,Q73|Q75
R_1EXa3hAmErYkeUa,여,1995,자강도,Jagang Province,1,0,고등중학교 고등반(4-6년) 졸업,Upper secondary (4-6 years),예,예,아니오,2020,2020,북조선 체제의 감시통제가 싫어서 (자유를 찾아서),서울,전문대학(기술 학교 포함),아니오,아니오,중도적,더불어민주당,미혼,무교,8,매우 자랑스럽다,별로 자랑스럽지 않다,1,1,Q71|Q72,Q74|Q75
R_2rPcr0VKgnKQBwo,여,1995,함경북도,North Hamgyong Province,1,0,고등중학교 고등반(4-6년) 졸업,Upper secondary (4-6 years),아니오,아니오,아니오,2019,2020,식량이 부족해서,인천,학교를 다시 다니지 않았다,아니오,예,잘 모르겠다,잘 모르겠다,미혼,무교,10,어느 정도 자랑스럽다,어느 정도 자랑스럽다,1,1,Q71|Q72,Q73|Q75
R_RCeP3bIqLghPWTf,여,1995,함경북도,North Hamgyong Province,1,0,고등중학교 고등반(4-6년) 졸업,Upper secondary (4-6 years),예,예,예,2021,2021,식량이 부족해서,인천,전문대학(기술 학교 포함),아니오,아니오,다소 진보적,잘 모르겠다,미혼,무교,8,어느 정도 자랑스럽다,전혀 자랑스럽지 않다,1,1,Q70|Q72,Q74|Q75
R_3lQ7evfD7VT5njQ,여,1994,함경남도,South Hamgyong Province,0,0,고등중학교 고등반(4-6년) 졸업,Upper secondary (4-6 years),예,예,아니오,2019,2019,식량이 부족해서,경기도,전문대학(기술 학교 포함),아니오,아니오,중도적,잘 모르겠다,미혼,불교,8,매우 자랑스럽다,별로 자랑스럽지 않다,1,2,Q70|Q72,Q73|Q75
R_1et28MWsWGlhHLG,여,1995,황해북도,North Hwanghae Province,0,0,고등중학교 고등반(4-6년) 졸업,Upper secondary (4-6 years),예,예,예,2020,2020,신변의 위협을 느껴서,울산,전문대학(기술 학교 포함),아니오,아니오,다소 보수적,잘 모르겠다,미혼,기독교,7,매우 자랑스럽다,별로 자랑스럽지 않다,1,1,Q71|Q72,Q74|Q75
R_YS4NQspd8HCGIQ9,여,1975,함경남도,South Hamgyong Province,0,0,고등중학교 고등반(4-6년) 졸업,Upper secondary (4-6 years),아니오,아니오,아니오,2015,2018,북조선 체제의 감시통제가 싫어서 (자유를 찾아서),서울,학교를 다시 다니지 않았다,아니오,아니오,잘 모르겠다,잘 모르겠다,기혼,무교,9,매우 자랑스럽다,별로 자랑스럽지 않다,1,1,Q71|Q72,Q74|Q75
R_1nSW4u65kcc3vvS,여,1993,황해남도,South Hwanghae Province,0,0,고등중학교 고등반(4-6년) 졸업,Upper secondary (4-6 years),예,아니오,아니오,2019,2020,식량이 부족해서,대전,대학교,아니오,아니오,다소 보수적,잘 모르겠다,미혼,무교,10,매우 자랑스럽다,별로 자랑스럽지 않다,1,1,Q71|Q72,Q73|Q75
R_1NyaVA6nXdYBaTy,여,1994,평안북도,North Pyongan Province,1,0,고등중학교 고등반(4-6년) 졸업,Upper secondary (4-6 years),예,아니오,아니오,2021,2021,북조선 체제의 감시통제가 싫어서 (자유를 찾아서),경기도,전문대학(기술 학교 포함),아니오,아니오,다소 보수적,잘 모르겠다,미혼,무교,10,매우 자랑스럽다,별로 자랑스럽지 않다,1,1,Q71|Q72,Q74|Q75
R_11ipUA93W9ArNi1,여,1993,평안남도,South Pyongan Province,0,0,고등중학교 고등반(4-6년) 졸업,Upper secondary (4-6 years),예,아니오,아니오,2018,2019,북조선 체제의 감시통제가 싫어서 (자유를 찾아서),경기도,전문대학(기술 학교 포함),아니오,아니오,매우 보수적,잘 모르겠다,미혼,무교,10,매우 자랑스럽다,별로 자랑스럽지 않다,1,1,Q71|Q72,Q74|Q75
R_1ik4h4ChjmBrBHo,여,1995,량강도,Ryanggang Province,1,0,고등중학교 고등반(4-6년) 졸업,Upper secondary (4-6 years),아니오,아니오,아니오,2022,2022,돈을 더 많이 벌고 싶어서,인천,전문대학(기술 학교 포함),아니오,아니오,중도적,잘 모르겠다,미혼,천주교,9,어느 정도 자랑스럽다,별로 자랑스럽지 않다,0,1,Q71|Q72,Q74|Q75
R_3HFbMmqmHwc8IvN,여,1993,라진-선봉,Rason,1,0,"전문대학교 (2년) 졸업, 기술고급중학교","2-year technical college, vocational high school",예,아니오,아니오,2019,2020,북조선 체제의 감시통제가 싫어서 (자유를 찾아서),서울,전문대학(기술 학교 포함),아니오,아니오,중도적,잘 모르겠다,미혼,불교,8,매우 자랑스럽다,전혀 자랑스럽지 않다,1,1,Q70|Q72,Q74|Q75
R_3qsvAa6fB8lT1JT,여,1994,함경북도,North Hamgyong Province,1,0,고등중학교 고등반(4-6년) 졸업,Upper secondary (4-6 years),아니오,아니오,아니오,2020,2021,식량이 부족해서,서울,학교를 다시 다니지 않았다,아니오,아니오,중도적,잘 모르겠다,미혼,기독교,9,매우 자랑스럽다,별로 자랑스럽지 않다,1,1,Q71|Q72,Q73|Q75
R_1fjhw5GAmCjSyQG,여,1992,황해북도,North Hwanghae Province,0,0,고등중학교 고등반(4-6년) 졸업,Upper secondary (4-6 years),아니오,아니오,아니오,2017,2018,식량이 부족해서,광주,대학교,아니오,아니오,중도적,잘 모르겠다,미혼,기독교,8,어느 정도 자랑스럽다,별로 자랑스럽지 않다,1,1,Q71|Q72,Q74|Q75
R_2rOrlEvYB09LwC2,여,1993,평안북도,North Pyongan Province,1,0,"전문대학교 (2년) 졸업, 기술고급중학교","2-year technical college, vocational high school",예,아니오,아니오,2019,2020,북조선 체제의 감시통제가 싫어서 (자유를 찾아서),경기도,전문대학(기술 학교 포함),아니오,아니오,중도적,잘 모르겠다,미혼,기독교,8,어느 정도 자랑스럽다,별로 자랑스럽지 않다,1,1,Q70|Q72,Q73|Q75
R_2B96XaMcOkFuKU5,여,1994,평안남도,South Pyongan Province,0,0,고등중학교 고등반(4-6년) 졸업,Upper secondary (4-6 years),아니오,아니오,아니오,2020,2020,식량이 부족해서,인천,전문대학(기술 학교 포함),아니오,아니오,중도적,잘 모르겠다,미혼,불교,9,어느 정도 자랑스럽다,별로 자랑스럽지 않다,1,1,Q71|Q72,Q74|Q75
R_D1tpGrk0DWmEoal,남,1995,함경북도,North Hamgyong Province,1,0,고등중학교 고등반(4-6년) 졸업,Upper secondary (4-6 years),아니오,아니오,아니오,2019,2020,북조선 체제의 감시통제가 싫어서 (자유를 찾아서),경기도,대학교,아니오,아니오,중도적,진보당,미혼,기독교,10,매우 자랑스럽다,전혀 자랑스럽지 않다,0,0,Q70|Q72,Q74|Q75
R_ZEs4WdJPjU5tFpD,남,1994,함경북도,North Hamgyong Province,1,0,고등중학교 고등반(4-6년) 졸업,Upper secondary (4-6 years),아니오,아니오,아니오,2018,2019,북조선 체제의 감시통제가 싫어서 (자유를 찾아서),서울,대학교,아니오,아니오,다소 진보적,진보당,미혼,기독교,10,매우 자랑스럽다,전혀 자랑스럽지 않다,0,1,Q70|Q72,Q73|Q75
R_2qxG9o9N06jKvBZ,남,1994,함경남도,South Hamgyong Province,0,0,고등중학교 고등반(4-6년) 졸업,Upper secondary (4-6 years),아니오,아니오,아니오,2018,2019,돈을 더 많이 벌고 싶어서,경기도,대학교,아니오,아니오,다소 진보적,진보당,미혼,천주교,10,매우 자랑스럽다,전혀 자랑스럽지 않다,0,1,Q71|Q72,Q73|Q75
R_3dLIA4eqOrW80Dk,남,1994,평양,Pyongyang,0,1,고등중학교 고등반(4-6년) 졸업,Upper secondary (4-6 years),아니오,아니오,아니오,2016,2019,북조선 체제의 감시통제가 싫어서 (자유를 찾아서),경기도,대학교,아니오,아니오,다소 진보적,진보당,미혼,기독교,10,매우 자랑스럽다,전혀 자랑스럽지 않다,0,0,Q70|Q72,Q74|Q75
R_3nTcmm4jG6HWck7,남,1994,평양,Pyongyang,0,1,고등중학교 고등반(4-6년) 졸업,Upper secondary (4-6 years),아니오,아니오,아니오,2016,2019,북조선 체제의 감시통제가 싫어서 (자유를 찾아서),경기도,대학교,아니오,아니오,중도적,더불어민주당,미혼,기독교,10,매우 자랑스럽다,전혀 자랑스럽지 않다,0,1,Q71|Q72,Q73|Q75
R_2w7Dq37upfFuL8f,남,1993,평양,Pyongyang,0,1,고등중학교 고등반(4-6년) 졸업,Upper secondary (4-6 years),아니오,아니오,아니오,2016,2019,북조선 체제의 감시통제가 싫어서 (자유를 찾아서),경기도,대학교,아니오,아니오,중도적,정의당,미혼,천주교,10,매우 자랑스럽다,전혀 자랑스럽지 않다,0,0,Q71|Q72,Q74|Q75
R_1CjUv2ApvTKS0jC,여,1958,황해남도,South Hwanghae Province,0,0,고등중학교 고등반(4-6년) 졸업,Upper secondary (4-6 years),아니오,아니오,아니오,2009,2012,식량이 부족해서,경기도,학교를 다시 다니지 않았다,예,,다소 보수적,국민의힘,미혼,기독교,0,매우 자랑스럽다,별로 자랑스럽지 않다,1,2,Q70|Q72,Q73|Q75
R_DT8Mq5qX2ZRVHEZ,여,1979,량강도,Ryanggang Province,1,0,대학교 (3-4년) 졸업,University (3-4 years),아니오,아니오,아니오,2010,2011,가족 (자녀 등)에게 더 나은 생활환경을 주려고,서울,대학원 이상,아니오,아니오,매우 보수적,국민의힘,기혼,무교,10,매우 자랑스럽다,전혀 자랑스럽지 않다,1,3,Q70|Q72,Q73|Q75
R_spu0gZ82s0bevfz,여,1957,평양,Pyongyang,0,1,"전문대학교 (2년) 졸업, 기술고급중학교","2-year technical college, vocational high school",예,예,아니오,2005,2005,가족 (자녀 등)에게 더 나은 생활환경을 주려고,서울,학교를 다시 다니지 않았다,아니오,예,매우 진보적,국민의힘,과부,기독교,10,매우 자랑스럽다,매우 자랑스럽다,2,3,Q71|Q72,Q74|Q75
R_yr6wOcICubHklZT,여,1966,량강도,Ryanggang Province,1,0,고등중학교 고등반(4-6년) 졸업,Upper secondary (4-6 years),예,예,아니오,2015,2015,신변의 위협을 느껴서,인천,학교를 다시 다니지 않았다,아니오,아니오,잘 모르겠다,국민의힘,기혼,무교,10,매우 자랑스럽다,전혀 자랑스럽지 않다,1,2,Q70|Q72,Q74|Q75
R_qK3INGwhRUVQyCl,여,1946,함경북도,North Hamgyong Province,1,0,"전문대학교 (2년) 졸업, 기술고급중학교","2-year technical college, vocational high school",아니오,아니오,예,2005,2005,북조선 체제의 감시통제가 싫어서 (자유를 찾아서),경기도,학교를 다시 다니지 않았다,예,,다소 보수적,국민의힘,과부,기독교,8,어느 정도 자랑스럽다,별로 자랑스럽지 않다,2,1,Q70|Q72,Q73|Q75
R_2dFtEvGT6kkT8Gd,남,1963,함경남도,South Hamgyong Province,0,0,"전문대학교 (2년) 졸업, 기술고급중학교","2-year technical college, vocational high school",예,예,예,2015,2015,신변의 위협을 느껴서,인천,학교를 다시 다니지 않았다,아니오,아니오,다소 보수적,국민의힘,기혼,무교,10,매우 자랑스럽다,전혀 자랑스럽지 않다,2,2,Q70|Q72,Q74|Q75
R_2ypEwX5Xea5NGum,여,1968,함경북도,North Hamgyong Province,1,0,고등중학교 고등반(4-6년) 졸업,Upper secondary (4-6 years),아니오,아니오,아니오,2006,2015,돈을 더 많이 벌고 싶어서,경기도,학교를 다시 다니지 않았다,아니오,아니오,중도적,국민의힘,기혼,무교,8,매우 자랑스럽다,별로 자랑스럽지 않다,4,2,Q71|Q72,Q73|Q75
R_3sb2DblTfuMp3Ed,남,1994,황해북도,North Hwanghae Province,0,0,고등중학교 고등반(4-6년) 졸업,Upper secondary (4-6 years),아니오,아니오,아니오,2017,2018,북조선 체제의 감시통제가 싫어서 (자유를 찾아서),서울,대학교,아니오,아니오,다소 진보적,진보당,미혼,기독교,10,매우 자랑스럽다,전혀 자랑스럽지 않다,0,1,Q71|Q72,Q73|Q75
R_28SXJ4IVzzNTEiR,남,1994,황해북도,North Hwanghae Province,0,0,"전문대학교 (2년) 졸업, 기술고급중학교","2-year technical college, vocational high school",아니오,아니오,아니오,2017,2018,북조선 체제의 감시통제가 싫어서 (자유를 찾아서),경기도,대학교,아니오,아니오,중도적,더불어민주당,미혼,천주교,10,,전혀 자랑스럽지 않다,0,0,Q70|Q72,Q74|Q75
R_8IFaPtRgYkFyVzz,남,1993,함경북도,North Hamgyong Province,1,0,"전문대학교 (2년) 졸업, 기술고급중학교","2-year technical college, vocational high school",아니오,아니오,아니오,2016,2017,돈을 더 많이 벌고 싶어서,경기도,대학교,아니오,아니오,중도적,더불어민주당,미혼,천주교,10,매우 자랑스럽다,전혀 자랑스럽지 않다,0,0,Q71|Q72,Q74|Q75
R_1OiSnEybHahQqfN,남,1995,황해북도,North Hwanghae Province,0,0,"전문대학교 (2년) 졸업, 기술고급중학교","2-year technical college, vocational high school",아니오,아니오,아니오,2018,2019,북조선 체제의 감시통제가 싫어서 (자유를 찾아서),경기도,대학교,아니오,아니오,중도적,더불어민주당,미혼,기독교,10,매우 자랑스럽다,전혀 자랑스럽지 않다,0,0,Q70|Q72,Q74|Q75
R_3lM0zaFmTn2Yj85,남,1995,함경북도,North Hamgyong Province,1,0,고등중학교 고등반(4-6년) 졸업,Upper secondary (4-6 years),아니오,아니오,아니오,2018,2019,북조선 체제의 감시통제가 싫어서 (자유를 찾아서),경기도,대학교,아니오,아니오,다소 진보적,진보당,미혼,기독교,,매우 자랑스럽다,전혀 자랑스럽지 않다,0,1,Q71|Q72,Q73|Q75
R_DpiruUwaQSJagDf,남,1993,함경북도,North Hamgyong Province,1,0,고등중학교 고등반(4-6년) 졸업,Upper secondary (4-6 years),아니오,아니오,아니오,2016,2018,북조선 체제의 감시통제가 싫어서 (자유를 찾아서),경기도,대학교,아니오,아니오,다소 진보적,진보당,미혼,기독교,10,매우 자랑스럽다,전혀 자랑스럽지 않다,0,0,Q71|Q72,Q74|Q75
R_2D0Rs5YIA8jY7jg,여,1984,함경남도,South Hamgyong Province,0,0,고등중학교 중등반(1-3년) 졸업,Lower secondary (1-3 years),아니오,아니오,아니오,2010,2011,돈을 더 많이 벌고 싶어서,인천,학교를 다시 다니지 않았다,아니오,아니오,중도적,기본소득당,기혼,무교,8,매우 자랑스럽다,별로 자랑스럽지 않다,1,3,Q71|Q72,Q73|Q75
R_2tsy7ldsYfO0XmP,남,1986,함경남도,South Hamgyong Province,0,0,고등중학교 중등반(1-3년) 졸업,Lower secondary (1-3 years),아니오,아니오,아니오,2012,2013,가족 (자녀 등)에게 더 나은 생활환경을 주려고,인천,학교를 다시 다니지 않았다,아니오,아니오,중도적,잘 모르겠다,기혼,무교,7,매우 자랑스럽다,어느 정도 자랑스럽다,1,2,Q70|Q72,Q73|Q75
R_2QiEQrc8NTZTRyr,남,1987,평안북도,North Pyongan Province,1,0,고등중학교 중등반(1-3년) 졸업,Lower secondary (1-3 years),아니오,아니오,아니오,2013,2013,돈을 더 많이 벌고 싶어서,경기도,학교를 다시 다니지 않았다,아니오,아니오,잘 모르겠다,잘 모르겠다,기혼,불교,7,어느 정도 자랑스럽다,매우 자랑스럽다,1,1,Q71|Q72,Q74|Q75
R_2v93VMLdHvqaHiZ,남,1992,황해북도,North Hwanghae Province,0,0,고등중학교 중등반(1-3년) 졸업,Lower secondary (1-3 years),아니오,아니오,아니오,2018,2018,돈을 더 많이 벌고 싶어서,경남,학교를 다시 다니지 않았다,아니오,아니오,잘 모르겠다,잘 모르겠다,기혼,무교,8,어느 정도 자랑스럽다,매우 자랑스럽다,3,1,Q71|Q72,Q73|Q75
R_2Ymj5vasSwfZiCP,여,1990,강원도,Gangwon Province,0,0,고등중학교 중등반(1-3년) 졸업,Lower secondary (1-3 years),아니오,아니오,아니오,2015,2015,돈을 더 많이 벌고 싶어서,강원도,학교를 다시 다니지 않았다,아니오,아니오,잘 모르겠다,잘 모르겠다,기혼,기독교,8,매우 자랑스럽다,매우 자랑스럽다,2,2,Q70|Q72,Q73|Q75
R_3jTYCigW86Yfn5K,여,1990,황해북도,North Hwanghae Province,0,0,고등중학교 중등반(1-3년) 졸업,Lower secondary (1-3 years),아니오,아니오,아니오,2016,2016,식량이 부족해서,충북,학교를 다시 다니지 않았다,아니오,아니오,잘 모르겠다,잘 모르겠다,기혼,무교,7,매우 자랑스럽다,매우 자랑스럽다,1,3,Q71|Q72,Q73|Q75
R_x4WZNSMQuUkxzhv,여,1983,강원도,Gangwon Province,0,0,고등중학교 중등반(1-3년) 졸업,Lower secondary (1-3 years),아니오,아니오,아니오,2011,2011,신변의 위협을 느껴서,대구,학교를 다시 다니지 않았다,아니오,아니오,잘 모르겠다,잘 모르겠다,기혼,무교,6,어느 정도 자랑스럽다,별로 자랑스럽지 않다,1,1,Q71|Q72,Q73|Q75
R_2CQF1ENYmyIzXX9,여,1985,황해남도,South Hwanghae Province,0,0,고등중학교 중등반(1-3년) 졸업,Lower secondary (1-3 years),아니오,아니오,아니오,2012,2012,신변의 위협을 느껴서,인천,학교를 다시 다니지 않았다,아니오,아니오,잘 모르겠다,잘 모르겠다,기혼,무교,6,매우 자랑스럽다,별로 자랑스럽지 않다,1,2,Q70|Q72,Q74|Q75
R_3QK2mzuGyAbWNev,여,1989,황해남도,South Hwanghae Province,0,0,인민학교 이하,Elementary or below,아니오,아니오,아니오,2015,2015,식량이 부족해서,전남,학교를 다시 다니지 않았다,아니오,아니오,잘 모르겠다,잘 모르겠다,기혼,무교,5,어느 정도 자랑스럽다,별로 자랑스럽지 않다,1,1,Q70|Q72,Q73|Q75
R_1oCskQMNCX9KfXr,여,1984,황해남도,South Hwanghae Province,0,0,고등중학교 중등반(1-3년) 졸업,Lower secondary (1-3 years),아니오,아니오,아니오,2015,2015,돈을 더 많이 벌고 싶어서,대구,학교를 다시 다니지 않았다,아니오,아니오,잘 모르겠다,잘 모르겠다,기혼,무교,8,매우 자랑스럽다,어느 정도 자랑스럽다,2,2,Q71|Q72,Q74|Q75
R_1esF09PYcJsHYBu,여,1988,황해남도,South Hwanghae Province,0,0,고등중학교 중등반(1-3년) 졸업,Lower secondary (1-3 years),아니오,아니오,아니오,2014,2014,가족 (자녀 등)에게 더 나은 생활환경을 주려고,서울,학교를 다시 다니지 않았다,아니오,아니오,잘 모르겠다,잘 모르겠다,기혼,무교,8,매우 자랑스럽다,매우 자랑스럽다,2,2,Q70|Q72,Q73|Q75
R_2tKKsKqJqMSLYvM,남,1985,황해남도,South Hwanghae Province,0,0,인민학교 이하,Elementary or below,아니오,아니오,아니오,2015,2015,식량이 부족해서,대전,학교를 다시 다니지 않았다,아니오,아니오,잘 모르겠다,잘 모르겠다,기혼,무교,8,매우 자랑스럽다,매우 자랑스럽다,1,2,Q71|Q72,Q74|Q75
R_2teVuYigqswOgJd,여,1986,함경남도,South Hamgyong Province,0,0,인민학교 이하,Elementary or below,아니오,아니오,아니오,2013,2013,가족 (자녀 등)에게 더 나은 생활환경을 주려고,부산,학교를 다시 다니지 않았다,예,,잘 모르겠다,잘 모르겠다,기혼,무교,7,매우 자랑스럽다,별로 자랑스럽지 않다,1,2,Q70|Q72,Q74|Q75
R_xgOrtjHvo3oRo4N,여,1992,자강도,Jagang Province,1,0,고등중학교 고등반(4-6년) 졸업,Upper secondary (4-6 years),예,예,예,2018,2020,북조선 체제의 감시통제가 싫어서 (자유를 찾아서),서울,학교를 다시 다니지 않았다,아니오,아니오,중도적,국민의힘,기혼,무교,,어느 정도 자랑스럽다,별로 자랑스럽지 않다,1,2,Q70|Q72,Q74|Q75
R_2Vxu8xkPGKVRu0j,여,1981,량강도,Ryanggang Province,1,0,"전문대학교 (2년) 졸업, 기술고급중학교","2-year technical college, vocational high school",아니오,아니오,아니오,2013,2013,가족 (자녀 등)에게 더 나은 생활환경을 주려고,인천,학교를 다시 다니지 않았다,아니오,아니오,다소 보수적,국민의힘,이혼,무교,8,어느 정도 자랑스럽다,전혀 자랑스럽지 않다,1,2,Q70|Q72,Q74|Q75
R_21hAnjfj55AS2i2,여,1938,량강도,Ryanggang Province,1,0,"전문대학교 (2년) 졸업, 기술고급중학교","2-year technical college, vocational high school",아니오,아니오,아니오,2005,2006,식량이 부족해서,서울,학교를 다시 다니지 않았다,예,,다소 보수적,국민의힘,,,10,매우 자랑스럽다,전혀 자랑스럽지 않다,,,Q71|Q72,
R_2E4eQmlTXCV4vlo,여,1959,량강도,Ryanggang Province,1,0,"전문대학교 (2년) 졸업, 기술고급중학교","2-year technical college, vocational high school",아니오,아니오,아니오,2018,2018,북조선 체제의 감시통제가 싫어서 (자유를 찾아서),서울,학교를 다시 다니지 않았다,아니오,아니오,중도적,국민의힘,,,,매우 자랑스럽다,별로 자랑스럽지 않다,,,Q71|Q72,
